时间,成交价,手数,买卖盘性质
09:15:09,4.62,23,中性盘
09:16:48,4.62,22,中性盘
09:16:57,4.62,42,中性盘
09:17:15,4.65,12,中性盘
09:18:09,4.65,74,中性盘
09:18:18,4.65,99,中性盘
09:18:27,4.65,99,中性盘
09:19:03,4.65,199,中性盘
09:19:39,4.65,209,中性盘
09:20:54,4.65,209,中性盘
09:21:48,4.65,230,中性盘
09:21:57,4.65,230,中性盘
09:22:15,4.65,230,中性盘
09:22:33,4.65,230,中性盘
09:23:18,4.65,233,中性盘
09:23:27,4.65,233,中性盘
09:23:36,4.65,233,中性盘
09:23:54,4.64,243,中性盘
09:24:30,4.64,243,中性盘
09:24:39,4.64,243,中性盘
09:24:57,4.62,291,中性盘
09:25:00,4.62,291,买盘
09:30:00,4.62,27,买盘
09:30:03,4.62,1078,买盘
09:30:06,4.62,182,卖盘
09:30:09,4.62,139,卖盘
09:30:12,4.62,199,买盘
09:30:15,4.61,25,卖盘
09:30:18,4.62,293,买盘
09:30:24,4.61,70,卖盘
09:30:27,4.61,223,买盘
09:30:30,4.62,1,卖盘
09:30:33,4.62,6,卖盘
09:30:36,4.62,7,卖盘
09:30:39,4.62,71,卖盘
09:30:42,4.63,312,买盘
09:30:45,4.63,5,卖盘
09:30:51,4.64,432,买盘
09:30:54,4.63,26,卖盘
09:30:57,4.64,76,买盘
09:31:00,4.64,32,卖盘
09:31:03,4.64,96,卖盘
09:31:06,4.64,220,卖盘
09:31:09,4.64,61,买盘
09:31:12,4.64,295,买盘
09:31:15,4.63,1,卖盘
09:31:18,4.63,6,卖盘
09:31:21,4.64,167,买盘
09:31:30,4.65,1,买盘
09:31:36,4.65,15,买盘
09:31:45,4.65,49,买盘
09:31:48,4.65,654,买盘
09:31:51,4.65,10,卖盘
09:31:57,4.65,62,卖盘
09:32:00,4.65,3,卖盘
09:32:03,4.66,116,买盘
09:32:06,4.66,141,买盘
09:32:09,4.66,33,买盘
09:32:12,4.66,2,买盘
09:32:18,4.66,16,买盘
09:32:24,4.65,69,卖盘
09:32:27,4.65,351,卖盘
09:32:30,4.65,1008,买盘
09:32:33,4.65,18,卖盘
09:32:36,4.66,8,买盘
09:32:39,4.66,113,买盘
09:32:42,4.65,24,卖盘
09:32:45,4.66,1,买盘
09:32:48,4.66,129,买盘
09:32:51,4.66,24,买盘
09:32:54,4.67,950,买盘
09:32:57,4.66,496,卖盘
09:33:00,4.66,67,买盘
09:33:03,4.66,99,买盘
09:33:06,4.66,72,买盘
09:33:09,4.66,100,买盘
09:33:12,4.66,51,买盘
09:33:15,4.66,176,买盘
09:33:18,4.66,105,卖盘
09:33:21,4.66,30,卖盘
09:33:24,4.66,116,卖盘
09:33:27,4.67,11,买盘
09:33:30,4.66,176,卖盘
09:33:39,4.66,71,卖盘
09:33:42,4.68,2335,买盘
09:33:45,4.67,2031,卖盘
09:33:51,4.67,50,卖盘
09:33:54,4.68,18,买盘
09:33:57,4.68,21,买盘
09:34:00,4.68,9,买盘
09:34:03,4.67,917,卖盘
09:34:06,4.67,5,买盘
09:34:09,4.67,81,买盘
09:34:12,4.68,78,买盘
09:34:15,4.69,171,买盘
09:34:18,4.68,63,卖盘
09:34:21,4.7,1840,买盘
09:34:24,4.71,574,买盘
09:34:27,4.71,231,卖盘
09:34:30,4.71,519,买盘
09:34:33,4.71,79,买盘
09:34:36,4.71,217,买盘
09:34:39,4.72,24,买盘
09:34:42,4.72,82,买盘
09:34:45,4.72,292,买盘
09:34:48,4.72,186,卖盘
09:34:51,4.71,497,卖盘
09:34:54,4.72,1791,买盘
09:34:57,4.71,24,卖盘
09:35:00,4.72,67,买盘
09:35:03,4.72,91,买盘
09:35:06,4.72,298,买盘
09:35:09,4.72,1414,买盘
09:35:12,4.72,41,买盘
09:35:15,4.72,132,买盘
09:35:21,4.72,580,卖盘
09:35:24,4.72,170,卖盘
09:35:27,4.72,19,卖盘
09:35:30,4.72,134,买盘
09:35:33,4.75,2729,买盘
09:35:36,4.76,852,买盘
09:35:39,4.77,893,买盘
09:35:42,4.75,74,卖盘
09:35:45,4.75,101,卖盘
09:35:48,4.76,61,买盘
09:35:51,4.76,153,买盘
09:35:54,4.76,429,买盘
09:35:57,4.76,199,买盘
09:36:03,4.75,587,买盘
09:36:06,4.75,592,买盘
09:36:09,4.74,209,卖盘
09:36:12,4.74,9695,买盘
09:36:15,4.74,4,买盘
09:36:18,4.73,31,买盘
09:36:21,4.73,72,买盘
09:36:24,4.73,14,买盘
09:36:27,4.72,328,卖盘
09:36:30,4.72,132,卖盘
09:36:33,4.73,215,买盘
09:36:36,4.72,539,卖盘
09:36:39,4.73,97,买盘
09:36:42,4.72,795,卖盘
09:36:45,4.73,10,买盘
09:36:48,4.72,40,卖盘
09:36:51,4.72,65,卖盘
09:36:54,4.73,528,买盘
09:36:57,4.75,2787,买盘
09:37:00,4.8,5029,买盘
09:37:03,4.79,1284,卖盘
09:37:06,4.8,76,买盘
09:37:09,4.8,293,买盘
09:37:12,4.81,609,买盘
09:37:15,4.84,927,买盘
09:37:18,4.84,939,买盘
09:37:21,4.83,1526,卖盘
09:37:24,4.83,296,买盘
09:37:27,4.83,233,买盘
09:37:30,4.84,1011,买盘
09:37:33,4.84,383,买盘
09:37:36,4.84,873,买盘
09:37:39,4.85,634,买盘
09:37:42,4.85,1300,买盘
09:37:45,4.86,124,买盘
09:37:48,4.86,381,买盘
09:37:51,4.86,563,卖盘
09:37:54,4.88,1737,买盘
09:37:57,4.88,1385,买盘
09:38:00,4.9,2320,买盘
09:38:03,4.95,722,买盘
09:38:06,4.92,861,卖盘
09:38:09,4.91,1365,卖盘
09:38:12,4.88,4806,卖盘
09:38:15,4.87,916,卖盘
09:38:18,4.87,2086,卖盘
09:38:21,4.88,771,买盘
09:38:24,4.89,158,买盘
09:38:27,4.88,293,卖盘
09:38:30,4.88,1078,买盘
09:38:33,4.87,768,卖盘
09:38:36,4.87,192,买盘
09:38:39,4.86,497,卖盘
09:38:42,4.87,502,买盘
09:38:45,4.85,354,卖盘
09:38:48,4.85,444,卖盘
09:38:51,4.85,42,买盘
09:38:54,4.84,521,卖盘
09:38:57,4.83,227,卖盘
09:39:00,4.82,158,卖盘
09:39:03,4.82,159,卖盘
09:39:06,4.81,574,卖盘
09:39:09,4.81,27,卖盘
09:39:12,4.81,151,卖盘
09:39:15,4.8,357,卖盘
09:39:18,4.8,120,买盘
09:39:21,4.79,31,卖盘
09:39:24,4.8,57,买盘
09:39:27,4.8,419,买盘
09:39:30,4.79,77,买盘
09:39:33,4.8,238,买盘
09:39:36,4.81,398,买盘
09:39:39,4.8,299,卖盘
09:39:42,4.8,111,卖盘
09:39:45,4.81,365,买盘
09:39:48,4.81,511,买盘
09:39:51,4.81,376,买盘
09:39:54,4.81,270,买盘
09:39:57,4.81,120,买盘
09:40:00,4.8,73,卖盘
09:40:03,4.81,554,买盘
09:40:06,4.8,637,卖盘
09:40:09,4.8,451,卖盘
09:40:12,4.81,426,买盘
09:40:15,4.78,1410,卖盘
09:40:18,4.79,133,买盘
09:40:21,4.79,261,买盘
09:40:24,4.79,21,买盘
09:40:27,4.79,41,买盘
09:40:30,4.79,6,买盘
09:40:33,4.78,412,卖盘
09:40:36,4.78,148,卖盘
09:40:39,4.78,37,卖盘
09:40:42,4.78,240,买盘
09:40:45,4.77,230,卖盘
09:40:48,4.78,21,买盘
09:40:51,4.78,73,买盘
09:40:54,4.76,783,卖盘
09:40:57,4.76,58,买盘
09:41:00,4.76,178,买盘
09:41:03,4.78,10,买盘
09:41:06,4.77,6,买盘
09:41:09,4.77,30,买盘
09:41:12,4.77,172,买盘
09:41:15,4.77,185,买盘
09:41:18,4.77,252,卖盘
09:41:21,4.78,289,买盘
09:41:24,4.77,37,卖盘
09:41:27,4.78,110,买盘
09:41:30,4.78,577,买盘
09:41:33,4.78,122,卖盘
09:41:36,4.78,59,卖盘
09:41:39,4.78,347,卖盘
09:41:42,4.79,200,买盘
09:41:45,4.79,11,卖盘
09:41:48,4.78,812,卖盘
09:41:51,4.78,78,卖盘
09:41:54,4.79,108,买盘
09:41:57,4.79,290,买盘
09:42:00,4.78,130,卖盘
09:42:03,4.79,362,买盘
09:42:06,4.78,135,卖盘
09:42:09,4.78,348,卖盘
09:42:12,4.77,1099,卖盘
09:42:15,4.76,24,卖盘
09:42:18,4.77,76,买盘
09:42:21,4.76,25,卖盘
09:42:24,4.77,42,买盘
09:42:27,4.77,17,买盘
09:42:30,4.76,155,卖盘
09:42:33,4.76,84,卖盘
09:42:36,4.77,620,买盘
09:42:39,4.77,101,买盘
09:42:42,4.77,32,买盘
09:42:45,4.76,1,卖盘
09:42:48,4.78,222,买盘
09:42:51,4.77,159,卖盘
09:42:54,4.77,177,买盘
09:42:57,4.77,25,买盘
09:43:00,4.77,139,买盘
09:43:03,4.77,86,卖盘
09:43:06,4.77,31,卖盘
09:43:12,4.77,354,卖盘
09:43:21,4.77,361,买盘
09:43:24,4.77,11,卖盘
09:43:27,4.78,10,买盘
09:43:30,4.77,22,卖盘
09:43:33,4.77,239,卖盘
09:43:36,4.77,100,买盘
09:43:39,4.77,63,买盘
09:43:42,4.76,1405,卖盘
09:43:45,4.76,128,买盘
09:43:48,4.76,10,买盘
09:43:51,4.76,50,买盘
09:43:54,4.75,321,卖盘
09:43:57,4.75,21,卖盘
09:44:00,4.75,1,卖盘
09:44:03,4.76,10,买盘
09:44:06,4.75,63,卖盘
09:44:09,4.75,41,卖盘
09:44:12,4.75,2,卖盘
09:44:15,4.76,108,买盘
09:44:18,4.76,21,买盘
09:44:21,4.76,362,买盘
09:44:24,4.76,100,买盘
09:44:27,4.75,4,卖盘
09:44:33,4.75,50,卖盘
09:44:36,4.76,296,买盘
09:44:39,4.76,94,卖盘
09:44:42,4.76,30,卖盘
09:44:45,4.76,52,卖盘
09:44:48,4.76,8,卖盘
09:44:51,4.76,107,卖盘
09:44:57,4.76,78,买盘
09:45:00,4.76,114,卖盘
09:45:06,4.76,80,卖盘
09:45:09,4.76,5,卖盘
09:45:12,4.77,33,买盘
09:45:15,4.76,42,卖盘
09:45:18,4.76,5,卖盘
09:45:21,4.76,36,卖盘
09:45:27,4.76,236,卖盘
09:45:30,4.76,609,卖盘
09:45:33,4.76,129,买盘
09:45:36,4.75,12,卖盘
09:45:39,4.76,120,买盘
09:45:42,4.76,38,买盘
09:45:45,4.75,3,卖盘
09:45:48,4.75,407,卖盘
09:45:51,4.76,185,买盘
09:45:54,4.75,102,卖盘
09:45:57,4.76,19,买盘
09:46:00,4.75,18,卖盘
09:46:03,4.76,1,买盘
09:46:06,4.76,305,买盘
09:46:09,4.76,93,买盘
09:46:12,4.75,38,卖盘
09:46:18,4.75,2,卖盘
09:46:21,4.75,302,卖盘
09:46:24,4.75,32,卖盘
09:46:27,4.75,6,卖盘
09:46:30,4.76,1,买盘
09:46:33,4.75,36,卖盘
09:46:36,4.75,33,卖盘
09:46:42,4.76,123,买盘
09:46:45,4.75,2,卖盘
09:46:48,4.76,64,买盘
09:46:51,4.75,15,卖盘
09:46:54,4.76,35,买盘
09:47:00,4.75,42,卖盘
09:47:03,4.76,97,买盘
09:47:06,4.76,86,买盘
09:47:09,4.76,20,买盘
09:47:12,4.76,2,买盘
09:47:15,4.76,13,买盘
09:47:18,4.76,87,买盘
09:47:21,4.76,20,买盘
09:47:24,4.76,1,买盘
09:47:27,4.76,45,买盘
09:47:30,4.76,82,买盘
09:47:33,4.75,157,卖盘
09:47:36,4.76,67,买盘
09:47:39,4.76,129,买盘
09:47:42,4.76,69,买盘
09:47:48,4.76,8,买盘
09:47:51,4.76,250,买盘
09:47:54,4.76,20,买盘
09:47:57,4.76,82,买盘
09:48:00,4.76,239,买盘
09:48:06,4.75,5,卖盘
09:48:15,4.75,2,卖盘
09:48:18,4.76,7,买盘
09:48:21,4.76,4,买盘
09:48:24,4.76,1,买盘
09:48:27,4.75,31,卖盘
09:48:36,4.76,14,买盘
09:48:39,4.75,34,卖盘
09:48:42,4.76,35,买盘
09:48:45,4.76,68,买盘
09:48:48,4.76,117,买盘
09:48:54,4.75,50,卖盘
09:48:57,4.75,9,卖盘
09:49:00,4.76,35,买盘
09:49:03,4.75,2,卖盘
09:49:06,4.75,1072,卖盘
09:49:09,4.75,552,卖盘
09:49:18,4.74,153,卖盘
09:49:21,4.74,63,卖盘
09:49:24,4.74,56,卖盘
09:49:27,4.74,100,卖盘
09:49:30,4.72,1621,卖盘
09:49:33,4.74,14,买盘
09:49:36,4.73,56,卖盘
09:49:42,4.73,13,卖盘
09:49:45,4.73,1,卖盘
09:49:48,4.73,66,卖盘
09:49:51,4.73,25,卖盘
09:49:54,4.73,128,买盘
09:49:57,4.73,34,买盘
09:50:00,4.73,123,买盘
09:50:06,4.73,187,卖盘
09:50:09,4.73,48,买盘
09:50:12,4.73,288,卖盘
09:50:15,4.73,8,卖盘
09:50:18,4.73,478,卖盘
09:50:21,4.73,287,卖盘
09:50:27,4.73,100,卖盘
09:50:33,4.74,38,买盘
09:50:36,4.74,15,买盘
09:50:39,4.74,5,买盘
09:50:42,4.74,130,买盘
09:50:45,4.74,8,买盘
09:50:48,4.73,16,卖盘
09:50:57,4.73,316,卖盘
09:51:00,4.73,50,卖盘
09:51:03,4.74,226,买盘
09:51:06,4.74,7,买盘
09:51:09,4.73,26,卖盘
09:51:12,4.73,10,卖盘
09:51:15,4.74,9,买盘
09:51:24,4.73,49,卖盘
09:51:27,4.73,10,卖盘
09:51:30,4.73,55,卖盘
09:51:36,4.73,61,卖盘
09:51:39,4.73,89,卖盘
09:51:42,4.73,31,卖盘
09:51:51,4.73,206,卖盘
09:51:54,4.73,19,卖盘
09:51:57,4.74,1714,买盘
09:52:00,4.75,83,买盘
09:52:03,4.74,56,卖盘
09:52:06,4.76,330,买盘
09:52:09,4.75,63,卖盘
09:52:12,4.76,33,买盘
09:52:15,4.75,111,卖盘
09:52:21,4.74,200,卖盘
09:52:30,4.74,45,卖盘
09:52:33,4.76,5,买盘
09:52:36,4.76,13,买盘
09:52:42,4.74,105,卖盘
09:52:45,4.76,2,买盘
09:52:51,4.74,15,卖盘
09:53:06,4.74,106,卖盘
09:53:09,4.75,1,买盘
09:53:15,4.76,42,买盘
09:53:18,4.75,16,卖盘
09:53:27,4.75,71,卖盘
09:53:36,4.75,48,卖盘
09:53:39,4.76,400,买盘
09:53:42,4.76,2,卖盘
09:53:45,4.77,497,买盘
09:53:48,4.76,5,卖盘
09:53:54,4.77,9,买盘
09:53:57,4.78,116,买盘
09:54:03,4.78,28,买盘
09:54:06,4.77,63,卖盘
09:54:09,4.77,4,买盘
09:54:12,4.77,1,买盘
09:54:15,4.77,107,买盘
09:54:27,4.77,1,买盘
09:54:30,4.77,112,买盘
09:54:33,4.76,130,卖盘
09:54:36,4.76,57,卖盘
09:54:39,4.76,10,买盘
09:54:42,4.76,2,买盘
09:54:45,4.75,124,卖盘
09:54:48,4.76,66,买盘
09:54:51,4.76,6,卖盘
09:54:54,4.75,44,卖盘
09:55:00,4.76,1,买盘
09:55:03,4.76,131,卖盘
09:55:06,4.76,42,卖盘
09:55:09,4.76,36,卖盘
09:55:12,4.77,309,买盘
09:55:15,4.76,10,卖盘
09:55:18,4.76,57,买盘
09:55:24,4.76,11,卖盘
09:55:30,4.76,3,卖盘
09:55:39,4.76,2,卖盘
09:55:42,4.77,50,买盘
09:55:48,4.77,17,买盘
09:55:51,4.77,19,买盘
09:55:57,4.77,122,买盘
09:56:00,4.77,5,买盘
09:56:03,4.77,26,买盘
09:56:06,4.77,75,买盘
09:56:09,4.77,356,买盘
09:56:12,4.77,1,买盘
09:56:15,4.75,55,卖盘
09:56:18,4.76,6,买盘
09:56:24,4.77,8,买盘
09:56:30,4.77,131,买盘
09:56:39,4.77,40,买盘
09:56:42,4.76,351,卖盘
09:56:45,4.76,4,买盘
09:56:48,4.76,2,买盘
09:56:51,4.76,305,买盘
09:56:54,4.75,13,卖盘
09:56:57,4.76,38,买盘
09:57:06,4.76,880,买盘
09:57:09,4.77,16,买盘
09:57:12,4.77,80,买盘
09:57:15,4.77,6,卖盘
09:57:18,4.78,11,买盘
09:57:24,4.77,102,卖盘
09:57:36,4.78,25,买盘
09:57:42,4.78,4,买盘
09:57:45,4.78,19,买盘
09:57:48,4.77,220,卖盘
09:57:51,4.77,16,买盘
09:57:54,4.77,38,买盘
09:57:57,4.77,154,买盘
09:58:00,4.76,14,卖盘
09:58:03,4.77,64,买盘
09:58:06,4.77,100,买盘
09:58:09,4.77,48,买盘
09:58:12,4.76,1,卖盘
09:58:15,4.77,8,买盘
09:58:18,4.76,124,卖盘
09:58:36,4.78,29,买盘
09:58:48,4.77,11,卖盘
09:58:51,4.77,27,卖盘
09:58:54,4.77,11,卖盘
09:58:57,4.78,438,买盘
09:59:00,4.78,11,卖盘
09:59:03,4.78,13,卖盘
09:59:06,4.79,16,买盘
09:59:12,4.78,1,卖盘
09:59:15,4.78,9,卖盘
09:59:18,4.79,20,买盘
09:59:21,4.79,91,买盘
09:59:24,4.79,349,买盘
09:59:27,4.79,108,买盘
09:59:30,4.79,2,买盘
09:59:33,4.79,129,买盘
09:59:36,4.79,27,买盘
09:59:39,4.79,45,买盘
09:59:42,4.79,10,买盘
09:59:45,4.79,2,买盘
09:59:48,4.78,14,卖盘
09:59:51,4.77,2323,卖盘
09:59:54,4.79,200,买盘
09:59:57,4.78,40,买盘
10:00:00,4.78,8,买盘
10:00:03,4.79,328,买盘
10:00:06,4.81,1038,买盘
10:00:09,4.83,1134,买盘
10:00:12,4.86,144,买盘
10:00:15,4.84,1195,卖盘
10:00:18,4.86,333,买盘
10:00:21,4.86,343,买盘
10:00:24,4.86,452,买盘
10:00:27,4.86,645,买盘
10:00:30,4.86,280,买盘
10:00:33,4.86,409,买盘
10:00:36,4.88,450,买盘
10:00:39,4.88,237,买盘
10:00:42,4.88,172,买盘
10:00:45,4.86,74,卖盘
10:00:48,4.88,1370,买盘
10:00:51,4.86,36,卖盘
10:00:54,4.86,410,卖盘
10:00:57,4.86,257,卖盘
10:01:00,4.86,509,卖盘
10:01:03,4.86,211,卖盘
10:01:06,4.86,277,卖盘
10:01:09,4.87,973,买盘
10:01:12,4.87,145,买盘
10:01:15,4.86,237,买盘
10:01:18,4.88,202,买盘
10:01:21,4.86,937,卖盘
10:01:24,4.88,257,买盘
10:01:27,4.87,185,卖盘
10:01:30,4.87,138,买盘
10:01:33,4.87,13,买盘
10:01:36,4.88,277,买盘
10:01:39,4.86,132,卖盘
10:01:42,4.88,337,买盘
10:01:45,4.86,230,卖盘
10:01:48,4.87,142,买盘
10:01:51,4.87,96,买盘
10:01:54,4.86,11,卖盘
10:01:57,4.87,139,买盘
10:02:00,4.86,23,卖盘
10:02:03,4.86,142,卖盘
10:02:06,4.86,187,卖盘
10:02:09,4.86,164,卖盘
10:02:12,4.86,109,买盘
10:02:15,4.85,13,卖盘
10:02:18,4.85,54,卖盘
10:02:21,4.86,105,买盘
10:02:24,4.85,26,卖盘
10:02:27,4.85,764,卖盘
10:02:30,4.86,84,买盘
10:02:33,4.87,97,买盘
10:02:36,4.86,45,卖盘
10:02:39,4.87,263,买盘
10:02:42,4.86,7,卖盘
10:02:45,4.86,62,买盘
10:02:48,4.86,133,买盘
10:02:57,4.86,370,买盘
10:03:00,4.86,34,卖盘
10:03:03,4.87,111,买盘
10:03:06,4.86,194,卖盘
10:03:09,4.86,23,卖盘
10:03:12,4.85,98,卖盘
10:03:15,4.85,35,卖盘
10:03:18,4.85,39,卖盘
10:03:21,4.86,738,买盘
10:03:24,4.89,3487,买盘
10:03:27,4.9,1484,买盘
10:03:30,4.95,3984,买盘
10:03:33,4.96,898,买盘
10:03:36,4.95,79,买盘
10:03:39,4.95,269,买盘
10:03:42,4.95,276,买盘
10:03:45,4.95,392,买盘
10:03:48,4.94,1173,买盘
10:03:51,4.93,233,买盘
10:03:54,4.93,609,买盘
10:03:57,4.93,53,买盘
10:04:00,4.93,535,买盘
10:04:03,4.9,314,卖盘
10:04:06,4.89,187,卖盘
10:04:09,4.9,359,买盘
10:04:12,4.89,172,卖盘
10:04:15,4.87,278,卖盘
10:04:18,4.88,50,买盘
10:04:21,4.88,214,买盘
10:04:24,4.87,64,卖盘
10:04:27,4.87,10,买盘
10:04:30,4.87,18,买盘
10:04:33,4.87,4,卖盘
10:04:36,4.87,189,卖盘
10:04:39,4.87,324,买盘
10:04:42,4.87,49,买盘
10:04:45,4.86,184,卖盘
10:04:48,4.87,214,买盘
10:04:51,4.87,21,卖盘
10:04:54,4.86,1201,卖盘
10:04:57,4.87,156,买盘
10:05:03,4.87,313,买盘
10:05:06,4.86,273,卖盘
10:05:09,4.85,271,卖盘
10:05:12,4.86,18,买盘
10:05:15,4.85,35,卖盘
10:05:18,4.85,381,卖盘
10:05:21,4.86,103,买盘
10:05:24,4.85,132,卖盘
10:05:27,4.85,202,卖盘
10:05:30,4.84,92,卖盘
10:05:33,4.85,80,买盘
10:05:36,4.85,6,买盘
10:05:39,4.84,237,卖盘
10:05:42,4.85,6,买盘
10:05:45,4.84,59,卖盘
10:05:48,4.84,64,卖盘
10:05:51,4.85,5,买盘
10:05:54,4.84,4,卖盘
10:05:57,4.85,27,买盘
10:06:00,4.84,40,卖盘
10:06:03,4.85,492,买盘
10:06:06,4.85,122,买盘
10:06:09,4.85,58,买盘
10:06:12,4.85,109,买盘
10:06:15,4.85,31,买盘
10:06:18,4.84,306,卖盘
10:06:21,4.85,53,买盘
10:06:24,4.85,10,买盘
10:06:27,4.86,94,买盘
10:06:30,4.85,27,卖盘
10:06:33,4.86,91,买盘
10:06:36,4.86,32,卖盘
10:06:39,4.86,98,卖盘
10:06:42,4.86,55,卖盘
10:06:45,4.86,28,买盘
10:06:48,4.86,463,买盘
10:06:51,4.86,53,卖盘
10:06:54,4.86,48,卖盘
10:06:57,4.87,104,买盘
10:07:00,4.86,115,卖盘
10:07:03,4.86,36,卖盘
10:07:06,4.86,215,卖盘
10:07:09,4.86,23,卖盘
10:07:12,4.87,6,买盘
10:07:15,4.86,10,卖盘
10:07:18,4.86,58,卖盘
10:07:21,4.86,107,卖盘
10:07:24,4.87,89,买盘
10:07:27,4.86,9,卖盘
10:07:30,4.86,2,卖盘
10:07:33,4.87,1,买盘
10:07:36,4.86,32,卖盘
10:07:39,4.86,115,卖盘
10:07:42,4.85,54,卖盘
10:07:51,4.86,20,买盘
10:07:54,4.86,28,买盘
10:07:57,4.86,2,买盘
10:08:00,4.85,11,卖盘
10:08:03,4.85,1,卖盘
10:08:06,4.85,20,卖盘
10:08:09,4.85,16,卖盘
10:08:12,4.86,36,买盘
10:08:15,4.85,3,卖盘
10:08:24,4.85,200,卖盘
10:08:27,4.85,53,卖盘
10:08:30,4.86,2,买盘
10:08:36,4.84,598,卖盘
10:08:45,4.85,12,买盘
10:08:48,4.84,15,卖盘
10:08:51,4.85,267,买盘
10:08:57,4.85,9,卖盘
10:09:00,4.85,25,卖盘
10:09:03,4.85,93,卖盘
10:09:06,4.85,5,卖盘
10:09:09,4.85,16,卖盘
10:09:12,4.85,22,卖盘
10:09:15,4.86,70,买盘
10:09:18,4.86,232,买盘
10:09:21,4.85,81,卖盘
10:09:24,4.85,39,卖盘
10:09:27,4.85,58,买盘
10:09:30,4.84,306,卖盘
10:09:39,4.85,17,买盘
10:09:42,4.85,17,买盘
10:09:45,4.85,4,买盘
10:09:48,4.85,27,买盘
10:09:51,4.85,47,卖盘
10:09:54,4.84,173,卖盘
10:09:57,4.85,50,买盘
10:10:00,4.84,20,卖盘
10:10:12,4.84,8,卖盘
10:10:18,4.84,9,卖盘
10:10:21,4.85,20,买盘
10:10:30,4.85,49,买盘
10:10:33,4.85,2,买盘
10:10:36,4.85,104,买盘
10:10:39,4.85,81,买盘
10:10:42,4.85,9,买盘
10:10:45,4.85,123,买盘
10:10:48,4.85,2,买盘
10:10:51,4.85,62,买盘
10:10:54,4.85,338,卖盘
10:11:03,4.85,2,买盘
10:11:06,4.84,136,卖盘
10:11:12,4.84,16,卖盘
10:11:15,4.84,7,卖盘
10:11:18,4.84,2,卖盘
10:11:33,4.84,1071,卖盘
10:11:36,4.84,108,买盘
10:11:39,4.84,1,买盘
10:11:42,4.84,39,买盘
10:11:54,4.84,13,买盘
10:11:57,4.84,12,买盘
10:12:03,4.84,50,买盘
10:12:06,4.84,1,买盘
10:12:12,4.84,4,买盘
10:12:15,4.84,78,买盘
10:12:18,4.84,42,买盘
10:12:21,4.84,49,买盘
10:12:24,4.84,1,买盘
10:12:27,4.84,14,买盘
10:12:33,4.84,26,买盘
10:12:36,4.83,139,卖盘
10:12:39,4.83,1,卖盘
10:12:42,4.84,21,买盘
10:12:45,4.84,13,买盘
10:12:48,4.84,2,买盘
10:12:51,4.83,30,卖盘
10:12:54,4.83,16,卖盘
10:12:57,4.84,396,买盘
10:13:00,4.84,5,买盘
10:13:03,4.84,43,买盘
10:13:09,4.84,26,买盘
10:13:12,4.84,40,买盘
10:13:18,4.83,91,卖盘
10:13:21,4.83,392,卖盘
10:13:24,4.83,4,卖盘
10:13:36,4.83,35,卖盘
10:13:39,4.83,122,卖盘
10:13:42,4.83,7,买盘
10:13:45,4.83,73,买盘
10:13:48,4.83,5,买盘
10:13:51,4.83,10,买盘
10:13:57,4.82,36,卖盘
10:14:00,4.83,3,买盘
10:14:03,4.82,166,卖盘
10:14:12,4.82,101,卖盘
10:14:15,4.82,81,卖盘
10:14:21,4.82,10,卖盘
10:14:30,4.83,1,买盘
10:14:33,4.83,21,买盘
10:14:36,4.83,8,买盘
10:14:39,4.83,9,买盘
10:14:42,4.83,111,买盘
10:14:45,4.83,39,买盘
10:14:51,4.83,7,买盘
10:14:54,4.83,51,买盘
10:15:03,4.83,68,买盘
10:15:06,4.83,41,买盘
10:15:12,4.82,32,卖盘
10:15:15,4.83,14,买盘
10:15:18,4.83,55,买盘
10:15:21,4.82,5,卖盘
10:15:24,4.83,4,买盘
10:15:27,4.82,6,卖盘
10:15:30,4.83,3,买盘
10:15:33,4.83,20,买盘
10:15:36,4.83,4,买盘
10:15:45,4.82,6,卖盘
10:15:48,4.83,26,买盘
10:15:51,4.82,156,卖盘
10:15:54,4.82,106,卖盘
10:15:57,4.83,34,买盘
10:16:00,4.82,263,卖盘
10:16:03,4.82,4,卖盘
10:16:06,4.82,102,卖盘
10:16:12,4.82,7,卖盘
10:16:15,4.82,34,卖盘
10:16:18,4.82,132,卖盘
10:16:21,4.82,42,卖盘
10:16:24,4.82,13,卖盘
10:16:27,4.82,18,卖盘
10:16:30,4.82,27,卖盘
10:16:33,4.82,6,卖盘
10:16:36,4.82,858,卖盘
10:16:39,4.82,42,买盘
10:16:42,4.81,22,卖盘
10:16:45,4.82,4,买盘
10:16:57,4.82,3,买盘
10:17:00,4.82,25,买盘
10:17:03,4.81,59,卖盘
10:17:06,4.81,3,卖盘
10:17:12,4.81,112,卖盘
10:17:18,4.82,58,买盘
10:17:24,4.82,6,买盘
10:17:27,4.82,5,买盘
10:17:30,4.82,563,买盘
10:17:33,4.83,12,买盘
10:17:36,4.83,40,买盘
10:17:42,4.83,114,买盘
10:17:45,4.83,445,买盘
10:17:48,4.83,598,买盘
10:17:51,4.84,282,买盘
10:17:54,4.86,497,买盘
10:17:57,4.87,1197,买盘
10:18:00,4.88,417,买盘
10:18:03,4.89,160,买盘
10:18:06,4.89,227,买盘
10:18:09,4.87,207,卖盘
10:18:12,4.89,307,买盘
10:18:15,4.9,306,买盘
10:18:18,4.9,270,买盘
10:18:21,4.9,430,买盘
10:18:24,4.9,46,买盘
10:18:27,4.89,457,卖盘
10:18:30,4.9,373,买盘
10:18:33,4.9,413,买盘
10:18:36,4.92,849,买盘
10:18:39,4.92,265,买盘
10:18:42,4.92,486,买盘
10:18:45,4.89,213,卖盘
10:18:48,4.93,300,买盘
10:18:51,4.91,511,卖盘
10:18:54,4.9,32,卖盘
10:18:57,4.9,413,卖盘
10:19:00,4.9,10,买盘
10:19:03,4.89,54,买盘
10:19:06,4.88,30,卖盘
10:19:12,4.89,42,买盘
10:19:15,4.88,452,卖盘
10:19:18,4.88,9,买盘
10:19:21,4.87,54,卖盘
10:19:24,4.87,4,卖盘
10:19:27,4.88,199,买盘
10:19:30,4.88,27,买盘
10:19:33,4.88,100,买盘
10:19:36,4.89,198,买盘
10:19:39,4.89,304,买盘
10:19:42,4.88,31,卖盘
10:19:45,4.9,20,买盘
10:19:48,4.9,300,买盘
10:19:51,4.9,62,买盘
10:19:54,4.89,24,卖盘
10:19:57,4.9,471,买盘
10:20:00,4.91,832,买盘
10:20:03,4.91,290,买盘
10:20:06,4.91,55,卖盘
10:20:09,4.92,102,买盘
10:20:12,4.91,1,卖盘
10:20:15,4.91,348,卖盘
10:20:18,4.91,30,买盘
10:20:21,4.9,211,卖盘
10:20:24,4.91,1331,买盘
10:20:27,4.9,453,卖盘
10:20:30,4.9,134,买盘
10:20:33,4.91,412,买盘
10:20:36,4.9,202,卖盘
10:20:39,4.92,387,买盘
10:20:42,4.91,399,买盘
10:20:45,4.93,407,买盘
10:20:48,4.92,111,卖盘
10:20:51,4.92,22,卖盘
10:20:54,4.92,54,卖盘
10:20:57,4.92,186,卖盘
10:21:00,4.92,22,买盘
10:21:03,4.92,276,买盘
10:21:06,4.92,222,买盘
10:21:09,4.92,61,买盘
10:21:12,4.91,76,卖盘
10:21:15,4.91,56,卖盘
10:21:18,4.91,19,卖盘
10:21:21,4.91,548,卖盘
10:21:24,4.91,165,买盘
10:21:27,4.91,46,买盘
10:21:30,4.91,10,买盘
10:21:33,4.9,127,卖盘
10:21:36,4.9,63,卖盘
10:21:39,4.9,44,卖盘
10:21:42,4.9,328,卖盘
10:21:45,4.9,411,买盘
10:21:48,4.9,20,卖盘
10:21:51,4.91,338,买盘
10:21:54,4.9,272,卖盘
10:21:57,4.89,79,卖盘
10:22:00,4.9,565,买盘
10:22:03,4.9,195,买盘
10:22:06,4.9,54,买盘
10:22:09,4.89,166,卖盘
10:22:12,4.89,62,卖盘
10:22:15,4.89,10,卖盘
10:22:18,4.89,40,卖盘
10:22:21,4.9,189,买盘
10:22:27,4.9,35,买盘
10:22:30,4.89,126,卖盘
10:22:36,4.9,159,买盘
10:22:39,4.89,88,卖盘
10:22:42,4.89,9,卖盘
10:22:45,4.9,20,买盘
10:22:48,4.89,96,卖盘
10:22:51,4.9,225,买盘
10:22:54,4.89,194,卖盘
10:22:57,4.89,6,买盘
10:23:03,4.88,107,卖盘
10:23:06,4.89,2,买盘
10:23:09,4.88,99,卖盘
10:23:12,4.88,972,卖盘
10:23:15,4.88,103,卖盘
10:23:18,4.88,31,卖盘
10:23:21,4.88,37,卖盘
10:23:24,4.88,4,卖盘
10:23:30,4.88,40,买盘
10:23:33,4.88,199,买盘
10:23:36,4.88,23,买盘
10:23:39,4.88,400,买盘
10:23:42,4.88,28,买盘
10:23:51,4.87,3,卖盘
10:23:54,4.88,24,买盘
10:23:57,4.87,5,卖盘
10:24:00,4.87,10,卖盘
10:24:03,4.88,1,买盘
10:24:06,4.87,13,卖盘
10:24:12,4.88,140,买盘
10:24:15,4.87,66,卖盘
10:24:24,4.88,70,买盘
10:24:27,4.87,105,卖盘
10:24:30,4.86,103,卖盘
10:24:33,4.87,56,买盘
10:24:36,4.86,54,卖盘
10:24:39,4.87,2,买盘
10:24:42,4.85,600,卖盘
10:24:45,4.86,13,买盘
10:24:48,4.86,42,买盘
10:24:57,4.86,60,卖盘
10:25:03,4.87,44,买盘
10:25:06,4.86,165,卖盘
10:25:09,4.86,98,买盘
10:25:12,4.86,10,买盘
10:25:15,4.86,3,买盘
10:25:18,4.86,232,买盘
10:25:21,4.89,2422,买盘
10:25:24,4.93,4212,买盘
10:25:27,4.93,57,买盘
10:25:30,4.91,34,卖盘
10:25:33,4.91,260,卖盘
10:25:36,4.9,261,卖盘
10:25:39,4.9,468,卖盘
10:25:42,4.9,35,卖盘
10:25:45,4.91,37,买盘
10:25:48,4.9,10,卖盘
10:25:51,4.9,26,卖盘
10:25:54,4.91,6,买盘
10:25:57,4.91,249,买盘
10:26:00,4.9,70,卖盘
10:26:03,4.9,657,卖盘
10:26:06,4.9,110,卖盘
10:26:09,4.9,12,买盘
10:26:12,4.9,11,买盘
10:26:15,4.89,29,卖盘
10:26:18,4.9,3030,买盘
10:26:21,4.9,2,买盘
10:26:24,4.95,6005,买盘
10:26:27,4.91,377,卖盘
10:26:30,4.96,2368,买盘
10:26:33,4.97,1376,买盘
10:26:36,4.98,6409,买盘
10:26:39,5.0,1137,买盘
10:26:42,5.0,532,买盘
10:26:45,4.99,1617,卖盘
10:26:48,4.99,930,买盘
10:26:51,4.99,891,买盘
10:26:54,4.99,200,买盘
10:26:57,4.98,1569,买盘
10:27:00,4.97,352,卖盘
10:27:03,4.97,400,卖盘
10:27:06,4.95,192,卖盘
10:27:09,4.95,36,买盘
10:27:12,4.95,144,买盘
10:27:15,4.95,36,卖盘
10:27:18,4.95,369,卖盘
10:27:21,4.95,444,买盘
10:27:24,4.95,192,买盘
10:27:27,4.94,276,卖盘
10:27:30,4.94,273,买盘
10:27:33,4.94,15,买盘
10:27:36,4.94,373,买盘
10:27:39,4.94,129,买盘
10:27:42,4.95,173,买盘
10:27:45,4.95,85,卖盘
10:27:48,4.96,287,买盘
10:27:51,4.96,349,卖盘
10:27:54,4.96,319,卖盘
10:27:57,4.97,100,买盘
10:28:00,4.97,163,卖盘
10:28:03,4.97,90,买盘
10:28:06,4.96,560,卖盘
10:28:09,4.95,150,卖盘
10:28:12,4.95,438,卖盘
10:28:15,4.96,358,买盘
10:28:18,4.96,87,买盘
10:28:21,4.96,2,买盘
10:28:24,4.96,81,买盘
10:28:27,4.96,248,买盘
10:28:30,4.95,115,卖盘
10:28:33,4.95,40,卖盘
10:28:36,4.95,45,卖盘
10:28:39,4.95,157,买盘
10:28:42,4.95,34,卖盘
10:28:45,4.94,297,卖盘
10:28:48,4.95,14,买盘
10:28:51,4.94,8,卖盘
10:28:54,4.95,47,买盘
10:28:57,4.94,125,卖盘
10:29:00,4.94,4,买盘
10:29:06,4.93,133,卖盘
10:29:09,4.93,8,卖盘
10:29:12,4.93,18,卖盘
10:29:15,4.93,29,买盘
10:29:18,4.93,30,买盘
10:29:21,4.92,214,卖盘
10:29:24,4.91,508,卖盘
10:29:27,4.91,45,买盘
10:29:33,4.91,111,买盘
10:29:36,4.92,215,买盘
10:29:39,4.94,929,买盘
10:29:42,4.95,2370,买盘
10:29:45,4.94,75,卖盘
10:29:48,4.95,11,买盘
10:29:51,4.95,51,买盘
10:29:54,4.95,2,买盘
10:29:57,4.94,1026,卖盘
10:30:00,4.94,234,买盘
10:30:03,4.93,181,卖盘
10:30:06,4.93,60,买盘
10:30:09,4.93,56,买盘
10:30:12,4.93,39,买盘
10:30:15,4.93,8,买盘
10:30:18,4.93,17,卖盘
10:30:21,4.93,84,卖盘
10:30:24,4.93,43,买盘
10:30:27,4.92,1795,卖盘
10:30:30,4.91,18,卖盘
10:30:33,4.91,7,卖盘
10:30:36,4.92,6,买盘
10:30:39,4.92,4,买盘
10:30:42,4.92,236,买盘
10:30:45,4.93,989,买盘
10:30:48,4.94,5,买盘
10:30:51,4.93,77,卖盘
10:30:54,4.93,166,买盘
10:30:57,4.94,42,买盘
10:31:03,4.93,42,卖盘
10:31:12,4.93,18,卖盘
10:31:15,4.93,26,卖盘
10:31:18,4.93,8,卖盘
10:31:21,4.93,375,卖盘
10:31:24,4.93,42,卖盘
10:31:30,4.93,1,买盘
10:31:33,4.93,19,买盘
10:31:36,4.93,93,买盘
10:31:39,4.93,13,买盘
10:31:42,4.93,5,买盘
10:31:45,4.92,111,卖盘
10:31:48,4.93,55,买盘
10:31:51,4.92,117,卖盘
10:31:54,4.92,15,卖盘
10:31:57,4.92,147,卖盘
10:32:00,4.92,216,卖盘
10:32:03,4.93,399,买盘
10:32:06,4.92,68,卖盘
10:32:09,4.92,207,卖盘
10:32:12,4.92,123,卖盘
10:32:15,4.92,9,卖盘
10:32:18,4.92,10,卖盘
10:32:33,4.92,48,卖盘
10:32:36,4.92,490,卖盘
10:32:39,4.92,48,卖盘
10:32:42,4.93,19,买盘
10:32:48,4.93,107,买盘
10:32:51,4.93,5,买盘
10:32:54,4.93,4,买盘
10:32:57,4.93,60,买盘
10:33:00,4.93,250,买盘
10:33:03,4.92,20,卖盘
10:33:09,4.92,205,卖盘
10:33:12,4.92,69,卖盘
10:33:15,4.93,136,买盘
10:33:21,4.93,131,买盘
10:33:24,4.92,100,卖盘
10:33:27,4.93,268,买盘
10:33:30,4.93,241,买盘
10:33:33,4.93,233,买盘
10:33:36,4.93,459,买盘
10:33:39,4.93,121,买盘
10:33:42,4.93,1394,买盘
10:33:45,4.94,1528,买盘
10:33:48,4.96,1002,买盘
10:33:51,4.97,278,买盘
10:33:54,4.97,124,买盘
10:33:57,4.96,293,卖盘
10:34:00,4.96,895,卖盘
10:34:03,4.96,94,买盘
10:34:06,4.96,138,买盘
10:34:09,4.96,244,卖盘
10:34:12,4.97,1054,买盘
10:34:15,4.98,237,买盘
10:34:18,4.97,15,买盘
10:34:21,4.98,225,买盘
10:34:24,4.98,36,买盘
10:34:27,4.98,98,买盘
10:34:30,4.97,14,卖盘
10:34:33,4.97,404,卖盘
10:34:36,4.98,587,买盘
10:34:42,4.97,19,买盘
10:34:45,4.97,220,买盘
10:34:48,4.96,242,卖盘
10:34:51,4.96,245,卖盘
10:34:54,4.98,230,买盘
10:34:57,4.98,220,买盘
10:35:00,4.98,113,买盘
10:35:03,4.97,1,卖盘
10:35:06,4.97,31,卖盘
10:35:09,4.97,65,买盘
10:35:12,4.97,44,买盘
10:35:15,4.98,683,买盘
10:35:18,4.96,3,卖盘
10:35:21,4.96,211,卖盘
10:35:24,4.96,32,卖盘
10:35:27,4.97,439,买盘
10:35:30,4.95,167,卖盘
10:35:33,4.98,237,买盘
10:35:36,4.98,110,买盘
10:35:39,4.96,248,卖盘
10:35:42,4.98,181,买盘
10:35:45,4.98,802,买盘
10:35:48,4.98,110,买盘
10:35:51,4.98,122,买盘
10:35:57,4.98,238,买盘
10:36:00,4.98,140,买盘
10:36:03,4.98,89,买盘
10:36:06,4.98,161,买盘
10:36:09,4.98,44,买盘
10:36:12,4.98,213,买盘
10:36:15,4.98,147,买盘
10:36:18,4.99,166,买盘
10:36:21,4.98,337,卖盘
10:36:24,4.98,97,买盘
10:36:27,4.98,11,卖盘
10:36:30,4.99,37,买盘
10:36:33,4.99,859,买盘
10:36:36,4.99,222,买盘
10:36:39,4.98,84,卖盘
10:36:42,4.99,22,买盘
10:36:45,4.98,7,卖盘
10:36:48,4.99,111,买盘
10:36:51,4.98,121,卖盘
10:36:54,4.98,481,卖盘
10:36:57,4.99,23,买盘
10:37:00,4.98,101,卖盘
10:37:03,4.99,93,买盘
10:37:06,4.98,45,卖盘
10:37:09,4.98,154,卖盘
10:37:12,4.99,35,买盘
10:37:15,4.98,130,卖盘
10:37:18,4.99,169,买盘
10:37:21,4.98,1,卖盘
10:37:24,4.99,7,买盘
10:37:27,4.98,8,卖盘
10:37:30,4.98,252,卖盘
10:37:33,4.98,262,卖盘
10:37:36,4.99,86,买盘
10:37:39,4.98,165,卖盘
10:37:42,4.99,308,买盘
10:37:45,4.98,46,卖盘
10:37:48,4.98,37,卖盘
10:37:51,4.98,50,买盘
10:37:54,4.98,10,买盘
10:38:00,4.98,50,买盘
10:38:03,4.98,26,买盘
10:38:06,4.97,88,卖盘
10:38:09,4.98,13,买盘
10:38:12,4.97,105,卖盘
10:38:15,4.97,628,卖盘
10:38:18,4.96,12,卖盘
10:38:27,4.96,39,买盘
10:38:30,4.95,186,卖盘
10:38:33,4.95,59,卖盘
10:38:36,4.95,31,卖盘
10:38:39,4.95,44,卖盘
10:38:42,4.95,238,卖盘
10:38:51,4.95,33,卖盘
10:38:54,4.95,5,卖盘
10:39:03,4.96,11,买盘
10:39:09,4.96,1,买盘
10:39:12,4.96,21,买盘
10:39:15,4.95,204,卖盘
10:39:18,4.96,111,买盘
10:39:21,4.96,9,买盘
10:39:24,4.96,5,买盘
10:39:27,4.96,18,买盘
10:39:30,4.96,4,买盘
10:39:33,4.96,38,买盘
10:39:42,4.96,5,买盘
10:39:45,4.96,38,买盘
10:39:48,4.95,341,卖盘
10:39:51,4.96,202,买盘
10:39:54,4.95,51,卖盘
10:39:57,4.96,22,买盘
10:40:00,4.95,34,卖盘
10:40:03,4.95,10,卖盘
10:40:06,4.95,23,卖盘
10:40:15,4.94,80,卖盘
10:40:18,4.95,7,买盘
10:40:21,4.94,21,卖盘
10:40:24,4.94,21,卖盘
10:40:27,4.94,483,卖盘
10:40:30,4.95,123,买盘
10:40:33,4.95,15,买盘
10:40:36,4.95,6,买盘
10:40:45,4.95,2,买盘
10:40:48,4.95,199,买盘
10:40:51,4.95,39,买盘
10:40:54,4.95,258,买盘
10:40:57,4.95,23,买盘
10:41:00,4.95,17,买盘
10:41:03,4.95,7,买盘
10:41:06,4.95,20,买盘
10:41:12,4.95,25,买盘
10:41:18,4.95,43,买盘
10:41:21,4.94,119,卖盘
10:41:24,4.95,16,买盘
10:41:27,4.95,80,买盘
10:41:30,4.94,12,卖盘
10:41:33,4.95,12,买盘
10:41:36,4.95,10,买盘
10:41:39,4.94,207,卖盘
10:41:45,4.95,19,买盘
10:41:48,4.94,5,卖盘
10:41:51,4.95,71,买盘
10:41:54,4.96,328,买盘
10:41:57,4.96,804,买盘
10:42:00,4.97,188,买盘
10:42:03,5.0,1847,买盘
10:42:06,5.0,3862,买盘
10:42:09,5.01,424,买盘
10:42:12,5.03,1336,买盘
10:42:15,5.03,479,卖盘
10:42:18,5.02,332,卖盘
10:42:21,5.03,321,买盘
10:42:24,5.01,394,卖盘
10:42:27,5.0,242,卖盘
10:42:30,5.03,104,买盘
10:42:33,5.02,81,卖盘
10:42:36,5.0,96,卖盘
10:42:39,5.0,10,买盘
10:42:42,5.0,159,买盘
10:42:45,5.0,115,卖盘
10:42:48,5.0,305,卖盘
10:42:51,5.0,157,买盘
10:42:54,5.0,86,买盘
10:42:57,5.02,100,买盘
10:43:00,5.02,144,买盘
10:43:03,5.02,853,买盘
10:43:06,5.01,217,卖盘
10:43:09,5.0,5,卖盘
10:43:12,5.0,14,买盘
10:43:15,5.0,58,买盘
10:43:18,5.0,101,买盘
10:43:21,5.0,10,买盘
10:43:24,5.0,12,买盘
10:43:27,5.0,534,买盘
10:43:30,5.0,39,买盘
10:43:33,5.0,25,买盘
10:43:36,5.0,7,买盘
10:43:39,5.0,35,买盘
10:43:42,5.0,30,买盘
10:43:45,4.99,56,卖盘
10:43:48,5.0,620,买盘
10:43:51,5.0,10,卖盘
10:43:54,5.0,290,卖盘
10:43:57,5.0,33,买盘
10:44:00,5.0,9,买盘
10:44:03,5.0,10,买盘
10:44:06,5.0,2,买盘
10:44:12,4.99,1253,卖盘
10:44:15,4.99,93,买盘
10:44:18,4.99,36,买盘
10:44:21,4.99,64,买盘
10:44:24,4.97,442,卖盘
10:44:27,4.99,1787,买盘
10:44:30,4.99,226,买盘
10:44:33,4.99,50,卖盘
10:44:36,5.0,469,买盘
10:44:42,5.0,150,卖盘
10:44:45,4.99,168,卖盘
10:44:54,5.01,16,买盘
10:44:57,5.0,1,卖盘
10:45:00,5.01,49,买盘
10:45:03,5.0,132,卖盘
10:45:06,5.0,139,买盘
10:45:09,5.0,55,买盘
10:45:12,5.0,27,买盘
10:45:15,5.0,179,买盘
10:45:18,5.0,302,买盘
10:45:21,5.0,56,买盘
10:45:24,5.0,310,买盘
10:45:27,5.0,503,买盘
10:45:30,5.0,38,买盘
10:45:33,4.99,26,卖盘
10:45:36,5.0,367,买盘
10:45:39,4.99,1,卖盘
10:45:42,4.99,20,卖盘
10:45:51,5.0,42,买盘
10:45:54,4.99,502,卖盘
10:45:57,4.98,79,卖盘
10:46:00,4.99,2,买盘
10:46:03,4.99,34,买盘
10:46:06,4.99,2,买盘
10:46:09,4.99,93,买盘
10:46:12,4.99,68,买盘
10:46:15,4.99,48,买盘
10:46:21,4.98,10,卖盘
10:46:24,4.98,2,卖盘
10:46:27,4.98,24,卖盘
10:46:30,4.98,101,卖盘
10:46:33,4.98,45,卖盘
10:46:36,4.97,77,卖盘
10:46:39,4.98,128,买盘
10:46:42,4.98,274,卖盘
10:46:45,4.98,5,卖盘
10:46:48,5.0,319,买盘
10:46:51,4.99,92,卖盘
10:46:54,4.99,118,买盘
10:46:57,5.0,203,买盘
10:47:03,5.0,111,买盘
10:47:06,5.01,811,买盘
10:47:09,5.02,193,买盘
10:47:12,5.03,282,买盘
10:47:15,5.02,26,卖盘
10:47:18,5.02,264,买盘
10:47:21,5.03,61,买盘
10:47:24,5.02,103,卖盘
10:47:27,5.03,155,买盘
10:47:30,5.03,5,买盘
10:47:33,5.02,284,卖盘
10:47:36,5.02,10,买盘
10:47:39,5.02,21,买盘
10:47:42,5.01,133,卖盘
10:47:45,5.02,134,买盘
10:47:48,5.02,224,买盘
10:47:51,5.03,120,买盘
10:47:54,5.02,150,买盘
10:47:57,5.02,67,买盘
10:48:00,5.02,44,买盘
10:48:03,5.02,59,买盘
10:48:06,5.02,48,买盘
10:48:09,5.01,20,卖盘
10:48:12,5.02,12,买盘
10:48:18,5.01,236,卖盘
10:48:21,5.01,67,卖盘
10:48:24,5.0,40,卖盘
10:48:30,5.0,50,卖盘
10:48:33,5.02,334,买盘
10:48:36,5.02,110,买盘
10:48:42,5.01,26,卖盘
10:48:45,5.02,313,买盘
10:48:48,5.02,110,买盘
10:48:51,5.01,54,卖盘
10:48:54,5.02,181,买盘
10:48:57,5.02,1,买盘
10:49:00,5.03,491,买盘
10:49:06,5.03,17,买盘
10:49:09,5.02,812,卖盘
10:49:12,5.04,43,买盘
10:49:15,5.03,221,卖盘
10:49:18,5.03,17,买盘
10:49:21,5.03,61,买盘
10:49:24,5.03,21,买盘
10:49:27,5.03,5,买盘
10:49:30,5.03,5,买盘
10:49:33,5.02,135,卖盘
10:49:36,5.02,10,卖盘
10:49:39,5.02,21,买盘
10:49:42,5.02,4,买盘
10:49:45,5.02,25,买盘
10:49:48,5.02,47,买盘
10:49:51,5.01,192,卖盘
10:49:54,5.01,74,卖盘
10:50:00,5.01,5,买盘
10:50:03,5.01,28,买盘
10:50:06,5.0,72,卖盘
10:50:09,5.01,100,买盘
10:50:12,5.0,76,卖盘
10:50:15,5.0,256,卖盘
10:50:18,5.02,324,买盘
10:50:24,5.01,15,卖盘
10:50:27,5.01,75,卖盘
10:50:30,5.02,10,买盘
10:50:33,5.02,8,买盘
10:50:36,5.01,4,卖盘
10:50:39,5.02,37,买盘
10:50:42,5.02,81,买盘
10:50:45,5.02,193,买盘
10:50:48,5.02,386,买盘
10:50:51,5.02,3,买盘
10:50:54,5.02,7,买盘
10:50:57,5.02,198,买盘
10:51:00,5.03,60,买盘
10:51:03,5.03,579,买盘
10:51:06,5.03,442,买盘
10:51:12,5.04,43,买盘
10:51:15,5.03,132,卖盘
10:51:18,5.04,97,买盘
10:51:21,5.04,127,买盘
10:51:24,5.03,19,卖盘
10:51:27,5.04,13,买盘
10:51:30,5.04,17,买盘
10:51:33,5.04,691,买盘
10:51:36,5.04,1027,买盘
10:51:39,5.04,708,买盘
10:51:42,5.04,561,买盘
10:51:45,5.05,1316,买盘
10:51:48,5.05,319,买盘
10:51:51,5.05,737,买盘
10:51:54,5.04,688,卖盘
10:51:57,5.05,192,买盘
10:52:00,5.05,229,买盘
10:52:03,5.05,2,买盘
10:52:06,5.05,367,买盘
10:52:09,5.08,43686,买盘
10:52:12,5.08,58191,卖盘
10:52:15,5.08,175,卖盘
10:52:18,5.08,1340,卖盘
10:52:21,5.08,710,卖盘
10:52:24,5.08,352,卖盘
10:52:27,5.08,748,卖盘
10:52:30,5.08,802,卖盘
10:52:33,5.08,773,卖盘
10:52:36,5.08,1590,卖盘
10:52:39,5.06,553,卖盘
10:52:42,5.05,490,卖盘
10:52:45,5.06,145,买盘
10:52:48,5.08,106,买盘
10:52:51,5.08,624,买盘
10:52:54,5.08,1276,买盘
10:52:57,5.08,1295,买盘
10:53:00,5.08,496,卖盘
10:53:03,5.08,18023,卖盘
10:53:06,5.08,218,买盘
10:53:09,5.08,1098,买盘
10:53:12,5.08,428,买盘
10:53:15,5.07,5126,卖盘
10:53:18,5.08,442,买盘
10:53:21,5.06,286,卖盘
10:53:24,5.08,451,买盘
10:53:27,5.08,1393,买盘
10:53:30,5.08,502,买盘
10:53:33,5.08,983,卖盘
10:53:36,5.08,503,买盘
10:53:39,5.07,961,卖盘
10:53:42,5.08,997,买盘
10:53:45,5.08,133,卖盘
10:53:48,5.08,138,卖盘
10:53:51,5.08,448,卖盘
10:53:54,5.08,976,卖盘
10:53:57,5.08,421,卖盘
10:54:00,5.08,303,买盘
10:54:03,5.08,175,买盘
10:54:06,5.08,519,买盘
10:54:09,5.08,93,买盘
10:54:12,5.08,82,买盘
10:54:15,5.08,260,买盘
10:54:18,5.08,80,买盘
10:54:21,5.08,97,买盘
10:54:24,5.08,343,买盘
10:54:27,5.08,161,买盘
10:54:30,5.08,29,买盘
10:54:33,5.08,51,买盘
10:54:36,5.08,355,买盘
10:54:39,5.08,188,买盘
10:54:42,5.07,462,卖盘
10:54:45,5.08,190,买盘
10:54:48,5.08,61,买盘
10:54:51,5.07,76,卖盘
10:54:54,5.08,32,买盘
10:54:57,5.07,777,卖盘
10:55:00,5.07,314,卖盘
10:55:03,5.07,133,买盘
10:55:06,5.06,477,卖盘
10:55:09,5.07,431,买盘
10:55:12,5.05,674,卖盘
10:55:15,5.06,150,买盘
10:55:18,5.05,249,卖盘
10:55:21,5.05,414,买盘
10:55:24,5.04,124,卖盘
10:55:27,5.03,201,卖盘
10:55:30,5.03,43,买盘
10:55:33,5.02,57,卖盘
10:55:36,5.01,78,卖盘
10:55:39,5.01,39,卖盘
10:55:42,5.01,167,卖盘
10:55:45,5.02,215,买盘
10:55:48,5.01,108,卖盘
10:55:51,5.01,102,买盘
10:55:54,5.02,172,买盘
10:55:57,5.02,30,买盘
10:56:00,5.02,105,买盘
10:56:03,5.01,84,卖盘
10:56:06,5.01,36,卖盘
10:56:09,5.01,17,卖盘
10:56:12,5.01,26,卖盘
10:56:15,5.02,209,买盘
10:56:18,5.02,51,买盘
10:56:21,5.02,375,买盘
10:56:24,5.01,1001,卖盘
10:56:27,5.01,242,买盘
10:56:30,5.01,108,买盘
10:56:33,5.01,382,买盘
10:56:36,5.01,221,买盘
10:56:39,5.02,310,买盘
10:56:42,5.01,751,卖盘
10:56:45,5.01,102,买盘
10:56:48,5.01,32,卖盘
10:56:51,5.02,69,买盘
10:56:54,5.01,219,卖盘
10:56:57,5.01,221,卖盘
10:57:00,5.02,27,买盘
10:57:03,5.02,41,买盘
10:57:06,5.01,10,卖盘
10:57:12,5.01,128,卖盘
10:57:15,5.01,96,卖盘
10:57:18,5.02,74,买盘
10:57:21,5.02,69,买盘
10:57:27,5.02,4,买盘
10:57:30,5.01,2,卖盘
10:57:33,5.01,8,卖盘
10:57:36,5.01,16,卖盘
10:57:39,5.01,441,卖盘
10:57:42,5.0,407,卖盘
10:57:45,5.01,6,买盘
10:57:48,5.01,55,买盘
10:57:51,5.0,2,卖盘
10:57:57,5.01,870,买盘
10:58:00,5.01,29,买盘
10:58:03,5.0,59,卖盘
10:58:06,5.0,97,卖盘
10:58:09,5.0,56,卖盘
10:58:12,4.99,133,卖盘
10:58:15,4.99,36,卖盘
10:58:18,5.0,28,买盘
10:58:21,4.99,64,卖盘
10:58:24,5.0,112,买盘
10:58:27,5.0,3,买盘
10:58:30,4.98,897,卖盘
10:58:33,4.98,536,卖盘
10:58:36,4.98,10,买盘
10:58:39,4.98,1,买盘
10:58:42,4.98,115,买盘
10:58:45,4.98,16,买盘
10:58:48,4.98,18,买盘
10:58:51,4.97,52,卖盘
10:58:54,4.97,6,卖盘
10:58:57,4.97,445,卖盘
10:59:00,4.97,189,卖盘
10:59:03,4.97,106,卖盘
10:59:06,4.97,117,卖盘
10:59:09,4.97,115,卖盘
10:59:12,4.97,126,买盘
10:59:15,4.98,124,买盘
10:59:21,4.98,29,买盘
10:59:24,4.98,37,买盘
10:59:27,4.97,31,卖盘
10:59:30,4.99,174,买盘
10:59:33,4.99,3732,买盘
10:59:36,4.95,391,卖盘
10:59:39,4.95,78,买盘
10:59:42,4.95,216,买盘
10:59:45,4.97,35,买盘
10:59:51,4.94,1221,卖盘
10:59:54,4.94,518,卖盘
10:59:57,4.94,265,买盘
11:00:00,4.94,99,买盘
11:00:03,4.94,25,买盘
11:00:06,4.94,35,买盘
11:00:09,4.94,168,买盘
11:00:12,4.94,10,卖盘
11:00:15,4.94,300,卖盘
11:00:18,4.94,91,卖盘
11:00:21,4.94,53,买盘
11:00:24,4.93,95,卖盘
11:00:27,4.94,207,买盘
11:00:30,4.94,30,买盘
11:00:33,4.94,71,买盘
11:00:36,4.94,68,买盘
11:00:39,4.94,1,买盘
11:00:42,4.94,72,买盘
11:00:45,4.94,352,卖盘
11:00:48,4.93,120,卖盘
11:00:51,4.94,63,买盘
11:00:54,4.94,5,买盘
11:00:57,4.94,4,买盘
11:01:00,4.94,278,买盘
11:01:03,4.94,91,买盘
11:01:06,4.93,55,卖盘
11:01:09,4.94,57,买盘
11:01:12,4.94,58,买盘
11:01:15,4.94,24,买盘
11:01:18,4.94,102,买盘
11:01:21,4.94,65,买盘
11:01:24,4.94,24,买盘
11:01:27,4.94,191,买盘
11:01:30,4.94,65,卖盘
11:01:33,4.95,657,买盘
11:01:36,4.94,300,卖盘
11:01:39,4.94,120,卖盘
11:01:42,4.94,239,买盘
11:01:45,4.94,95,买盘
11:01:48,4.94,26,买盘
11:01:51,4.94,64,买盘
11:01:54,4.94,27,买盘
11:01:57,4.94,15,买盘
11:02:00,4.94,8,买盘
11:02:03,4.93,7465,卖盘
11:02:06,4.92,24,卖盘
11:02:09,4.89,184,卖盘
11:02:12,4.89,8,买盘
11:02:15,4.89,72,卖盘
11:02:18,4.89,34,买盘
11:02:21,4.89,54,买盘
11:02:24,4.89,131,买盘
11:02:27,4.89,5,买盘
11:02:33,4.89,58,买盘
11:02:36,4.89,182,买盘
11:02:39,4.89,100,买盘
11:02:42,4.89,301,买盘
11:02:45,4.89,1,买盘
11:02:48,4.89,131,买盘
11:02:51,4.89,115,买盘
11:02:54,4.89,322,买盘
11:02:57,4.89,113,买盘
11:03:00,4.88,36,卖盘
11:03:03,4.89,74,买盘
11:03:06,4.89,143,买盘
11:03:12,4.9,120,买盘
11:03:15,4.9,49,买盘
11:03:18,4.91,23,买盘
11:03:21,4.91,112,买盘
11:03:24,4.9,436,卖盘
11:03:27,4.89,845,卖盘
11:03:30,4.89,1419,卖盘
11:03:33,4.89,328,买盘
11:03:36,4.89,46,买盘
11:03:39,4.89,43,买盘
11:03:42,4.89,31,买盘
11:03:45,4.89,406,买盘
11:03:48,4.89,5,卖盘
11:03:51,4.89,440,卖盘
11:03:54,4.89,50,买盘
11:03:57,4.89,10,买盘
11:04:00,4.89,72,买盘
11:04:03,4.89,228,卖盘
11:04:06,4.89,308,买盘
11:04:09,4.89,24,买盘
11:04:12,4.89,14,买盘
11:04:15,4.89,78,卖盘
11:04:18,4.89,36,买盘
11:04:21,4.89,27,买盘
11:04:24,4.89,412,买盘
11:04:27,4.89,43,卖盘
11:04:33,4.89,151,卖盘
11:04:36,4.89,78,买盘
11:04:39,4.89,260,买盘
11:04:42,4.89,28,买盘
11:04:45,4.89,97,买盘
11:04:48,4.89,104,卖盘
11:04:51,4.89,177,卖盘
11:04:54,4.89,82,买盘
11:04:57,4.89,360,买盘
11:05:00,4.89,12,买盘
11:05:03,4.89,10,买盘
11:05:06,4.89,155,买盘
11:05:09,4.89,475,买盘
11:05:12,4.89,60,买盘
11:05:18,4.89,23,买盘
11:05:21,4.89,114,买盘
11:05:24,4.89,203,买盘
11:05:27,4.89,289,卖盘
11:05:30,4.89,307,卖盘
11:05:33,4.88,17,卖盘
11:05:36,4.89,51,买盘
11:05:39,4.88,371,卖盘
11:05:42,4.89,13,买盘
11:05:45,4.89,16,买盘
11:05:48,4.89,55,买盘
11:05:51,4.89,13,买盘
11:05:54,4.89,421,买盘
11:05:57,4.89,622,卖盘
11:06:00,4.89,28,卖盘
11:06:03,4.89,3,卖盘
11:06:06,4.9,40,买盘
11:06:09,4.89,8,卖盘
11:06:18,4.89,7,卖盘
11:06:21,4.89,3,卖盘
11:06:24,4.89,7,卖盘
11:06:30,4.91,302,买盘
11:06:33,4.9,41,卖盘
11:06:36,4.9,50,卖盘
11:06:39,4.9,1044,卖盘
11:06:42,4.88,672,卖盘
11:06:45,4.89,29,买盘
11:06:48,4.89,36,买盘
11:06:51,4.89,2,买盘
11:06:54,4.89,86,买盘
11:06:57,4.88,2,卖盘
11:07:00,4.89,20,买盘
11:07:03,4.89,1,买盘
11:07:06,4.89,3,买盘
11:07:09,4.89,5,买盘
11:07:12,4.89,638,买盘
11:07:15,4.89,28,卖盘
11:07:18,4.89,1,卖盘
11:07:24,4.89,1000,卖盘
11:07:27,4.89,63,卖盘
11:07:30,4.89,5,买盘
11:07:33,4.89,20,买盘
11:07:36,4.89,66,买盘
11:07:39,4.89,215,买盘
11:07:42,4.89,4,买盘
11:07:45,4.89,3,买盘
11:07:48,4.89,14,买盘
11:07:51,4.89,54,买盘
11:07:54,4.89,206,买盘
11:07:57,4.89,9,买盘
11:08:00,4.88,7,卖盘
11:08:03,4.89,53,买盘
11:08:06,4.89,22,买盘
11:08:09,4.88,4,卖盘
11:08:12,4.89,21,买盘
11:08:15,4.89,141,买盘
11:08:18,4.89,224,买盘
11:08:27,4.89,51,买盘
11:08:30,4.89,28,买盘
11:08:33,4.89,144,买盘
11:08:36,4.89,20,买盘
11:08:39,4.89,46,买盘
11:08:42,4.89,35,买盘
11:08:45,4.89,53,买盘
11:08:48,4.89,64,卖盘
11:08:51,4.89,201,卖盘
11:08:54,4.89,112,买盘
11:08:57,4.89,216,买盘
11:09:03,4.89,3,卖盘
11:09:09,4.9,10,买盘
11:09:12,4.89,444,卖盘
11:09:15,4.89,37,买盘
11:09:21,4.89,12,买盘
11:09:24,4.89,223,买盘
11:09:27,4.89,44,买盘
11:09:30,4.89,160,买盘
11:09:33,4.89,85,买盘
11:09:36,4.89,25,卖盘
11:09:39,4.89,27,卖盘
11:09:42,4.89,528,卖盘
11:09:45,4.88,35,卖盘
11:09:48,4.89,68,买盘
11:09:54,4.88,203,卖盘
11:09:57,4.89,31,买盘
11:10:00,4.89,9,买盘
11:10:03,4.89,20,买盘
11:10:06,4.88,37,卖盘
11:10:09,4.89,10,买盘
11:10:12,4.89,15,买盘
11:10:18,4.88,28,卖盘
11:10:21,4.88,137,卖盘
11:10:24,4.88,100,卖盘
11:10:27,4.88,122,卖盘
11:10:30,4.88,86,卖盘
11:10:33,4.88,121,卖盘
11:10:36,4.88,132,卖盘
11:10:39,4.88,26,卖盘
11:10:42,4.88,172,卖盘
11:10:48,4.88,149,卖盘
11:10:51,4.88,30,卖盘
11:10:54,4.89,8,买盘
11:10:57,4.88,4,卖盘
11:11:00,4.88,18,卖盘
11:11:03,4.88,228,卖盘
11:11:09,4.88,16,卖盘
11:11:12,4.88,45,卖盘
11:11:15,4.88,8,卖盘
11:11:21,4.89,4,买盘
11:11:24,4.89,1,买盘
11:11:27,4.89,49,买盘
11:11:33,4.89,13,买盘
11:11:39,4.89,6,买盘
11:11:42,4.89,91,买盘
11:11:45,4.89,19,买盘
11:11:48,4.89,12,买盘
11:11:54,4.88,12,卖盘
11:12:03,4.88,2,卖盘
11:12:12,4.88,90,卖盘
11:12:15,4.88,10,卖盘
11:12:18,4.88,63,卖盘
11:12:21,4.88,110,卖盘
11:12:24,4.88,42,卖盘
11:12:27,4.88,100,卖盘
11:12:30,4.88,379,卖盘
11:12:33,4.88,7,卖盘
11:12:39,4.88,46,卖盘
11:12:42,4.88,19,卖盘
11:12:45,4.88,1,卖盘
11:12:48,4.88,27,卖盘
11:12:51,4.89,1,买盘
11:12:54,4.89,5,买盘
11:12:57,4.88,5,卖盘
11:13:06,4.88,5,卖盘
11:13:12,4.89,152,买盘
11:13:18,4.88,31,卖盘
11:13:21,4.88,11,卖盘
11:13:24,4.89,5,买盘
11:13:27,4.89,23,买盘
11:13:33,4.88,49,卖盘
11:13:36,4.88,72,卖盘
11:13:39,4.88,81,卖盘
11:13:42,4.88,17,卖盘
11:13:45,4.88,2,卖盘
11:13:48,4.89,30,买盘
11:13:51,4.89,50,买盘
11:13:54,4.89,6,买盘
11:13:57,4.88,13,卖盘
11:14:03,4.88,112,卖盘
11:14:06,4.88,14,卖盘
11:14:09,4.88,19,卖盘
11:14:12,4.88,39,卖盘
11:14:15,4.89,163,买盘
11:14:18,4.89,44,买盘
11:14:21,4.88,240,卖盘
11:14:24,4.88,4,卖盘
11:14:27,4.88,24,卖盘
11:14:30,4.89,13,买盘
11:14:33,4.89,9,买盘
11:14:45,4.89,11,买盘
11:14:48,4.88,4,卖盘
11:14:51,4.89,1,买盘
11:14:54,4.88,1,卖盘
11:14:57,4.88,18,卖盘
11:15:03,4.89,89,买盘
11:15:09,4.88,75,卖盘
11:15:12,4.89,1,买盘
11:15:15,4.88,60,卖盘
11:15:18,4.88,201,卖盘
11:15:21,4.88,28,卖盘
11:15:24,4.89,58,买盘
11:15:27,4.88,32,卖盘
11:15:30,4.89,62,买盘
11:15:36,4.89,5,买盘
11:15:42,4.89,103,买盘
11:15:48,4.89,50,买盘
11:15:51,4.89,1,买盘
11:15:57,4.89,50,买盘
11:16:00,4.89,296,买盘
11:16:03,4.89,20,买盘
11:16:06,4.89,46,买盘
11:16:09,4.89,170,买盘
11:16:12,4.89,30,买盘
11:16:15,4.89,55,买盘
11:16:18,4.89,80,买盘
11:16:21,4.89,109,买盘
11:16:24,4.89,165,买盘
11:16:27,4.89,8,买盘
11:16:30,4.89,42,买盘
11:16:33,4.89,254,买盘
11:16:36,4.89,21,卖盘
11:16:39,4.89,422,卖盘
11:16:42,4.89,817,卖盘
11:16:45,4.89,107,买盘
11:16:48,4.89,49,买盘
11:16:51,4.89,50,买盘
11:16:54,4.89,189,买盘
11:16:57,4.89,64,买盘
11:17:00,4.89,6,买盘
11:17:03,4.89,124,买盘
11:17:06,4.89,130,买盘
11:17:09,4.89,170,卖盘
11:17:12,4.89,5,买盘
11:17:15,4.89,58,买盘
11:17:18,4.89,8,买盘
11:17:21,4.89,3,买盘
11:17:27,4.89,13,买盘
11:17:30,4.89,164,买盘
11:17:36,4.89,65,买盘
11:17:39,4.89,56,买盘
11:17:42,4.88,57,卖盘
11:17:45,4.89,54,买盘
11:17:54,4.89,8,买盘
11:17:57,4.89,8,买盘
11:18:00,4.88,3,卖盘
11:18:06,4.89,3,买盘
11:18:09,4.89,10,买盘
11:18:15,4.89,26,买盘
11:18:18,4.89,9,买盘
11:18:21,4.89,2,买盘
11:18:24,4.89,92,买盘
11:18:27,4.89,309,买盘
11:18:30,4.89,220,买盘
11:18:39,4.89,11,买盘
11:18:42,4.89,90,买盘
11:18:45,4.89,187,买盘
11:18:51,4.89,289,买盘
11:18:54,4.89,64,买盘
11:18:57,4.89,123,买盘
11:19:00,4.89,61,买盘
11:19:03,4.89,19,买盘
11:19:06,4.89,252,买盘
11:19:09,4.89,20,买盘
11:19:12,4.89,205,买盘
11:19:15,4.88,165,卖盘
11:19:18,4.89,47,买盘
11:19:27,4.89,2,买盘
11:19:33,4.89,52,买盘
11:19:36,4.89,24,买盘
11:19:42,4.89,3,买盘
11:19:45,4.89,95,买盘
11:19:48,4.89,12,买盘
11:19:51,4.89,60,买盘
11:19:54,4.89,11,买盘
11:19:57,4.89,21,买盘
11:20:00,4.89,5,买盘
11:20:03,4.89,54,买盘
11:20:06,4.88,69,卖盘
11:20:09,4.88,103,卖盘
11:20:12,4.89,2,买盘
11:20:18,4.89,146,买盘
11:20:21,4.89,13,买盘
11:20:24,4.88,149,卖盘
11:20:27,4.88,28,卖盘
11:20:30,4.88,269,卖盘
11:20:33,4.88,614,卖盘
11:20:36,4.89,120,买盘
11:20:39,4.88,14,卖盘
11:20:42,4.88,14,卖盘
11:20:45,4.89,3,买盘
11:20:48,4.89,10,买盘
11:20:51,4.88,2,卖盘
11:20:54,4.89,1,买盘
11:20:57,4.88,42,卖盘
11:21:03,4.89,42,买盘
11:21:06,4.89,13,买盘
11:21:15,4.89,25,买盘
11:21:18,4.88,31,卖盘
11:21:21,4.88,141,卖盘
11:21:24,4.88,30,卖盘
11:21:27,4.88,1,卖盘
11:21:30,4.88,31,卖盘
11:21:33,4.88,11,卖盘
11:21:42,4.88,17,卖盘
11:21:54,4.89,53,买盘
11:22:00,4.88,153,卖盘
11:22:03,4.88,20,卖盘
11:22:09,4.88,10,卖盘
11:22:12,4.88,9,卖盘
11:22:15,4.89,39,买盘
11:22:18,4.88,1,卖盘
11:22:24,4.89,111,买盘
11:22:39,4.89,33,买盘
11:22:54,4.89,36,买盘
11:22:57,4.89,26,买盘
11:23:00,4.89,50,买盘
11:23:06,4.89,35,买盘
11:23:09,4.88,523,卖盘
11:23:15,4.89,20,买盘
11:23:21,4.88,6,卖盘
11:23:27,4.88,5,卖盘
11:23:36,4.88,1,卖盘
11:23:45,4.89,8,买盘
11:23:51,4.88,50,卖盘
11:23:54,4.88,22,卖盘
11:23:57,4.89,7,买盘
11:24:00,4.89,8,买盘
11:24:03,4.88,343,卖盘
11:24:06,4.88,51,卖盘
11:24:21,4.89,10,买盘
11:24:27,4.88,607,卖盘
11:24:30,4.88,4,卖盘
11:24:33,4.89,10,买盘
11:24:42,4.88,3,卖盘
11:24:45,4.89,11,买盘
11:24:48,4.89,14,买盘
11:24:51,4.89,1,买盘
11:25:03,4.89,1,买盘
11:25:06,4.89,45,买盘
11:25:09,4.89,6,买盘
11:25:12,4.89,61,买盘
11:25:15,4.89,21,买盘
11:25:18,4.89,22,买盘
11:25:21,4.89,28,买盘
11:25:24,4.88,13,卖盘
11:25:27,4.89,47,买盘
11:25:30,4.88,24,卖盘
11:25:33,4.88,34,卖盘
11:25:36,4.89,76,买盘
11:25:39,4.88,14,卖盘
11:25:42,4.89,20,买盘
11:25:45,4.88,5,卖盘
11:26:03,4.88,4,卖盘
11:26:06,4.88,21,卖盘
11:26:09,4.88,2,卖盘
11:26:15,4.88,5,卖盘
11:26:18,4.89,10,买盘
11:26:24,4.89,8,买盘
11:26:27,4.88,52,卖盘
11:26:39,4.89,11,买盘
11:26:42,4.89,5,买盘
11:26:45,4.88,109,卖盘
11:27:00,4.89,6,买盘
11:27:03,4.88,2,卖盘
11:27:06,4.89,12,买盘
11:27:09,4.89,5,买盘
11:27:15,4.88,1,卖盘
11:27:21,4.88,1,卖盘
11:27:24,4.88,8,卖盘
11:27:27,4.88,2,卖盘
11:27:30,4.88,44,卖盘
11:27:33,4.88,26,卖盘
11:27:36,4.89,47,买盘
11:27:42,4.89,93,买盘
11:27:45,4.89,3,买盘
11:27:48,4.89,1,买盘
11:27:54,4.89,43,买盘
11:27:57,4.89,50,买盘
11:28:09,4.89,21,买盘
11:28:12,4.89,34,买盘
11:28:15,4.88,13,卖盘
11:28:21,4.89,48,买盘
11:28:24,4.88,947,卖盘
11:28:27,4.89,127,买盘
11:28:30,4.88,29,卖盘
11:28:33,4.89,52,买盘
11:28:36,4.88,25,卖盘
11:28:39,4.88,32,卖盘
11:28:42,4.88,78,卖盘
11:28:45,4.88,13,卖盘
11:28:48,4.89,10,买盘
11:28:51,4.89,80,买盘
11:28:54,4.88,27,卖盘
11:28:57,4.88,63,卖盘
11:29:00,4.89,70,买盘
11:29:03,4.88,145,卖盘
11:29:06,4.88,216,卖盘
11:29:09,4.88,117,卖盘
11:29:12,4.88,27,卖盘
11:29:15,4.89,32,买盘
11:29:21,4.89,42,买盘
11:29:24,4.89,1,买盘
11:29:27,4.88,79,卖盘
11:29:30,4.88,240,卖盘
11:29:33,4.88,348,卖盘
11:29:36,4.88,153,卖盘
11:29:39,4.89,56,买盘
11:29:42,4.88,510,卖盘
11:29:45,4.88,13,卖盘
11:29:48,4.88,89,卖盘
11:29:54,4.89,7,买盘
11:29:57,4.88,583,卖盘
11:30:00,4.88,4,卖盘
13:00:00,4.89,245,买盘
13:00:03,4.88,3715,卖盘
13:00:06,4.88,415,买盘
13:00:09,4.88,39,买盘
13:00:12,4.88,2,买盘
13:00:15,4.88,6,买盘
13:00:18,4.87,120,卖盘
13:00:21,4.88,194,买盘
13:00:24,4.87,121,卖盘
13:00:27,4.87,29,卖盘
13:00:30,4.87,60,卖盘
13:00:33,4.87,11,卖盘
13:00:36,4.87,2,卖盘
13:00:39,4.87,7,卖盘
13:00:42,4.87,378,卖盘
13:00:48,4.87,248,卖盘
13:00:51,4.87,55,卖盘
13:00:54,4.87,16,卖盘
13:00:57,4.87,80,卖盘
13:01:00,4.87,85,卖盘
13:01:03,4.87,486,卖盘
13:01:06,4.87,167,卖盘
13:01:09,4.86,334,卖盘
13:01:12,4.87,16,买盘
13:01:15,4.86,57,卖盘
13:01:18,4.86,1543,卖盘
13:01:24,4.85,113,卖盘
13:01:27,4.86,4,买盘
13:01:30,4.86,6,买盘
13:01:33,4.86,12,买盘
13:01:36,4.85,8,卖盘
13:01:39,4.85,53,卖盘
13:01:48,4.85,10,卖盘
13:01:54,4.86,73,买盘
13:01:57,4.85,71,卖盘
13:02:00,4.85,220,卖盘
13:02:03,4.85,199,卖盘
13:02:09,4.86,112,买盘
13:02:15,4.86,96,买盘
13:02:21,4.85,23,卖盘
13:02:24,4.85,13,卖盘
13:02:27,4.85,81,卖盘
13:02:30,4.85,212,卖盘
13:02:33,4.85,14,卖盘
13:02:39,4.85,40,卖盘
13:02:42,4.86,1,买盘
13:02:48,4.85,212,卖盘
13:02:51,4.85,91,卖盘
13:02:54,4.86,94,买盘
13:03:03,4.85,8,卖盘
13:03:09,4.86,6,买盘
13:03:12,4.86,83,买盘
13:03:15,4.86,6,买盘
13:03:21,4.86,3,买盘
13:03:27,4.85,454,卖盘
13:03:30,4.85,40,卖盘
13:03:33,4.85,8,卖盘
13:03:36,4.86,1,买盘
13:03:39,4.85,14,卖盘
13:03:42,4.85,2,卖盘
13:03:45,4.85,185,卖盘
13:03:48,4.85,32,卖盘
13:03:51,4.85,4,卖盘
13:03:54,4.85,69,卖盘
13:04:00,4.86,4,买盘
13:04:03,4.85,75,卖盘
13:04:12,4.85,4,卖盘
13:04:18,4.86,1,买盘
13:04:21,4.86,3,买盘
13:04:42,4.86,1,买盘
13:04:48,4.85,2,卖盘
13:04:57,4.86,36,买盘
13:05:00,4.86,32,买盘
13:05:12,4.85,139,卖盘
13:05:15,4.86,4,买盘
13:05:18,4.85,7,卖盘
13:05:21,4.85,29,卖盘
13:05:24,4.85,376,卖盘
13:05:27,4.85,225,卖盘
13:05:30,4.85,177,卖盘
13:05:33,4.85,42,卖盘
13:05:36,4.85,89,卖盘
13:05:39,4.85,245,卖盘
13:05:42,4.85,38,卖盘
13:05:45,4.85,25,卖盘
13:05:51,4.85,3,卖盘
13:05:54,4.85,3,卖盘
13:05:57,4.85,14,卖盘
13:06:03,4.85,442,卖盘
13:06:06,4.85,147,卖盘
13:06:09,4.85,50,买盘
13:06:12,4.84,5,卖盘
13:06:15,4.85,3,买盘
13:06:18,4.84,148,卖盘
13:06:21,4.84,151,卖盘
13:06:24,4.85,21,买盘
13:06:30,4.85,2,买盘
13:06:33,4.85,10,买盘
13:06:36,4.84,3,卖盘
13:06:39,4.84,9,卖盘
13:06:57,4.85,193,买盘
13:07:06,4.85,2,买盘
13:07:24,4.85,73,买盘
13:07:27,4.85,103,买盘
13:07:30,4.85,1,买盘
13:07:33,4.85,100,买盘
13:07:39,4.85,2,买盘
13:07:42,4.85,47,买盘
13:07:45,4.85,15,买盘
13:07:57,4.84,6,卖盘
13:08:00,4.85,10,买盘
13:08:03,4.85,5,买盘
13:08:06,4.85,53,买盘
13:08:09,4.85,1,买盘
13:08:12,4.85,34,买盘
13:08:15,4.85,130,买盘
13:08:18,4.85,121,买盘
13:08:21,4.84,18,卖盘
13:08:24,4.85,170,买盘
13:08:27,4.85,70,买盘
13:08:30,4.85,97,买盘
13:08:33,4.85,25,买盘
13:08:36,4.85,33,买盘
13:08:39,4.85,126,买盘
13:08:51,4.86,501,买盘
13:08:54,4.86,82,卖盘
13:09:06,4.86,23,卖盘
13:09:15,4.87,49,买盘
13:09:18,4.87,3,买盘
13:09:21,4.87,129,卖盘
13:09:24,4.87,3,卖盘
13:09:27,4.88,42,买盘
13:09:30,4.88,12,买盘
13:09:33,4.87,120,卖盘
13:09:36,4.87,2,买盘
13:09:39,4.87,2,买盘
13:09:42,4.87,60,买盘
13:09:51,4.87,21,买盘
13:09:54,4.87,46,买盘
13:10:00,4.87,20,买盘
13:10:03,4.87,20,买盘
13:10:09,4.87,10,买盘
13:10:15,4.87,1,买盘
13:10:18,4.87,349,买盘
13:10:24,4.86,4,卖盘
13:10:27,4.87,346,买盘
13:10:30,4.87,73,买盘
13:10:33,4.86,20,卖盘
13:10:36,4.86,16,卖盘
13:10:39,4.86,21,卖盘
13:10:45,4.87,3,买盘
13:10:51,4.87,4,买盘
13:11:00,4.87,20,买盘
13:11:03,4.87,7,买盘
13:11:12,4.87,10,买盘
13:11:15,4.87,38,买盘
13:11:21,4.86,10,卖盘
13:11:36,4.87,343,买盘
13:11:39,4.87,110,买盘
13:11:42,4.87,5,买盘
13:11:45,4.87,6,买盘
13:11:48,4.86,86,卖盘
13:11:51,4.87,67,买盘
13:11:54,4.87,25,买盘
13:12:00,4.87,53,买盘
13:12:03,4.87,68,买盘
13:12:06,4.87,18,卖盘
13:12:09,4.88,16,买盘
13:12:12,4.88,16,买盘
13:12:15,4.88,41,买盘
13:12:18,4.88,1,买盘
13:12:21,4.88,83,买盘
13:12:24,4.88,103,买盘
13:12:33,4.88,41,买盘
13:12:36,4.87,184,卖盘
13:12:39,4.88,60,买盘
13:12:45,4.87,176,卖盘
13:12:51,4.87,6,买盘
13:12:57,4.87,40,买盘
13:13:00,4.87,7,买盘
13:13:03,4.86,302,卖盘
13:13:06,4.87,11,买盘
13:13:09,4.87,101,买盘
13:13:21,4.87,13,买盘
13:13:30,4.87,211,买盘
13:13:33,4.87,19,买盘
13:13:36,4.87,9,买盘
13:13:39,4.87,2,买盘
13:13:42,4.87,50,买盘
13:13:51,4.87,96,买盘
13:13:54,4.87,77,买盘
13:14:03,4.87,11,买盘
13:14:09,4.86,80,卖盘
13:14:12,4.87,3,买盘
13:14:15,4.87,103,买盘
13:14:18,4.87,26,买盘
13:14:21,4.87,3,买盘
13:14:45,4.87,24,买盘
13:14:48,4.87,5,买盘
13:14:51,4.87,17,买盘
13:15:00,4.86,8,卖盘
13:15:03,4.86,28,卖盘
13:15:06,4.86,6,卖盘
13:15:09,4.87,200,买盘
13:15:12,4.86,104,卖盘
13:15:15,4.86,1145,卖盘
13:15:18,4.86,682,卖盘
13:15:21,4.86,3,买盘
13:15:24,4.85,41,卖盘
13:15:27,4.85,37,卖盘
13:15:30,4.85,141,卖盘
13:15:33,4.85,59,卖盘
13:15:36,4.85,362,卖盘
13:15:48,4.85,24,买盘
13:15:51,4.85,10,买盘
13:15:57,4.84,23,卖盘
13:16:00,4.84,282,卖盘
13:16:18,4.85,30,买盘
13:16:21,4.85,60,买盘
13:16:30,4.85,10,买盘
13:16:36,4.84,13,卖盘
13:16:39,4.85,5,买盘
13:16:48,4.85,5,买盘
13:16:54,4.84,10,卖盘
13:17:03,4.84,1,卖盘
13:17:09,4.84,205,卖盘
13:17:12,4.85,1,买盘
13:17:18,4.84,2,卖盘
13:17:21,4.84,35,卖盘
13:17:24,4.84,18,卖盘
13:17:36,4.85,11,买盘
13:17:42,4.84,68,卖盘
13:17:45,4.84,24,卖盘
13:17:48,4.84,589,卖盘
13:17:51,4.84,50,卖盘
13:17:54,4.83,2381,卖盘
13:17:57,4.83,184,卖盘
13:18:00,4.82,248,卖盘
13:18:03,4.83,4,买盘
13:18:06,4.82,67,卖盘
13:18:12,4.83,2,买盘
13:18:15,4.8,6572,卖盘
13:18:18,4.81,19,买盘
13:18:21,4.8,11,卖盘
13:18:24,4.8,220,卖盘
13:18:27,4.8,6,买盘
13:18:33,4.81,6,买盘
13:18:39,4.81,51,买盘
13:18:45,4.79,1005,卖盘
13:18:48,4.8,63,买盘
13:18:54,4.79,90,卖盘
13:18:57,4.79,10,卖盘
13:19:03,4.8,35,买盘
13:19:06,4.8,41,买盘
13:19:09,4.8,74,买盘
13:19:12,4.8,24,买盘
13:19:15,4.8,53,买盘
13:19:18,4.8,50,买盘
13:19:21,4.8,32,买盘
13:19:27,4.8,424,买盘
13:19:30,4.8,131,买盘
13:19:33,4.8,92,买盘
13:19:36,4.8,62,买盘
13:19:39,4.8,21,买盘
13:19:42,4.8,10,卖盘
13:19:48,4.81,40,买盘
13:19:51,4.81,70,买盘
13:19:54,4.81,12,买盘
13:19:57,4.81,37,买盘
13:20:00,4.81,66,买盘
13:20:03,4.81,69,买盘
13:20:06,4.81,63,买盘
13:20:09,4.81,18,买盘
13:20:12,4.82,53,买盘
13:20:18,4.82,109,买盘
13:20:21,4.82,7,卖盘
13:20:24,4.82,8,买盘
13:20:27,4.82,3,买盘
13:20:30,4.82,31,买盘
13:20:33,4.81,24,卖盘
13:20:36,4.81,399,卖盘
13:20:39,4.81,36,卖盘
13:20:42,4.81,100,卖盘
13:20:45,4.81,12,卖盘
13:20:48,4.81,2,卖盘
13:20:54,4.81,4,卖盘
13:20:57,4.81,4,卖盘
13:21:00,4.81,3,卖盘
13:21:03,4.81,1,卖盘
13:21:06,4.81,3,卖盘
13:21:09,4.81,3,卖盘
13:21:12,4.81,16,卖盘
13:21:15,4.81,25,卖盘
13:21:24,4.82,3,买盘
13:21:30,4.81,3,卖盘
13:21:33,4.82,6,买盘
13:21:39,4.82,43,买盘
13:21:45,4.82,61,买盘
13:21:51,4.82,2,买盘
13:21:57,4.82,3,买盘
13:22:03,4.82,48,买盘
13:22:06,4.81,183,卖盘
13:22:09,4.81,140,卖盘
13:22:12,4.81,35,卖盘
13:22:15,4.81,126,卖盘
13:22:18,4.81,55,卖盘
13:22:24,4.81,322,卖盘
13:22:27,4.8,107,卖盘
13:22:33,4.8,4,卖盘
13:22:36,4.81,14,买盘
13:22:39,4.8,12,卖盘
13:22:42,4.81,10,买盘
13:22:45,4.8,1,卖盘
13:22:51,4.8,185,卖盘
13:22:54,4.8,12,卖盘
13:23:03,4.8,75,卖盘
13:23:06,4.81,16,买盘
13:23:12,4.8,10,卖盘
13:23:18,4.81,3,买盘
13:23:21,4.81,4,买盘
13:23:27,4.81,2,买盘
13:23:30,4.81,3,买盘
13:23:36,4.81,278,买盘
13:23:39,4.81,1,买盘
13:23:42,4.81,8,买盘
13:23:45,4.81,10,买盘
13:23:48,4.8,22,卖盘
13:23:51,4.81,12,买盘
13:23:54,4.8,11,卖盘
13:23:57,4.81,995,买盘
13:24:03,4.81,11,买盘
13:24:06,4.81,2,买盘
13:24:09,4.81,94,买盘
13:24:12,4.81,96,买盘
13:24:15,4.81,64,买盘
13:24:30,4.81,3,卖盘
13:24:42,4.81,10,卖盘
13:24:45,4.82,1,买盘
13:24:57,4.82,56,买盘
13:25:00,4.82,11,买盘
13:25:06,4.82,5,买盘
13:25:15,4.82,3,买盘
13:25:18,4.82,9,买盘
13:25:21,4.81,22,卖盘
13:25:27,4.82,30,买盘
13:25:33,4.82,10,买盘
13:25:36,4.82,69,买盘
13:25:39,4.82,83,卖盘
13:25:42,4.82,70,卖盘
13:25:45,4.81,40,卖盘
13:26:00,4.81,2,卖盘
13:26:03,4.81,2,卖盘
13:26:06,4.82,183,买盘
13:26:18,4.82,4,买盘
13:26:21,4.81,125,卖盘
13:26:24,4.81,347,卖盘
13:26:27,4.81,122,卖盘
13:26:36,4.81,140,买盘
13:26:39,4.8,1,卖盘
13:26:42,4.81,10,买盘
13:26:48,4.8,7,卖盘
13:26:51,4.81,21,买盘
13:26:54,4.81,10,买盘
13:26:57,4.81,10,买盘
13:27:15,4.81,10,买盘
13:27:27,4.8,20,卖盘
13:27:48,4.81,5,买盘
13:27:51,4.8,13,卖盘
13:27:54,4.81,36,买盘
13:28:00,4.8,1,卖盘
13:28:03,4.81,1,买盘
13:28:09,4.81,10,买盘
13:28:12,4.81,1,买盘
13:28:15,4.8,5,卖盘
13:28:18,4.81,10,买盘
13:28:21,4.8,54,卖盘
13:28:36,4.8,78,卖盘
13:28:39,4.8,104,卖盘
13:28:42,4.8,48,卖盘
13:28:45,4.81,97,买盘
13:28:48,4.81,35,卖盘
13:28:51,4.81,1,卖盘
13:29:03,4.81,23,卖盘
13:29:06,4.82,16,买盘
13:29:21,4.82,5,买盘
13:29:36,4.81,25,卖盘
13:29:45,4.81,10,卖盘
13:29:48,4.81,11,卖盘
13:29:51,4.81,2,卖盘
13:29:54,4.82,26,买盘
13:30:00,4.81,49,卖盘
13:30:03,4.82,118,买盘
13:30:06,4.81,1,卖盘
13:30:09,4.81,7,卖盘
13:30:18,4.81,301,卖盘
13:30:21,4.81,105,卖盘
13:30:24,4.81,21,卖盘
13:30:27,4.81,294,卖盘
13:30:30,4.81,304,卖盘
13:30:33,4.82,10,买盘
13:30:39,4.81,16,卖盘
13:30:42,4.81,192,卖盘
13:30:45,4.81,6,卖盘
13:30:48,4.81,1,卖盘
13:30:57,4.82,21,买盘
13:31:00,4.81,1,卖盘
13:31:03,4.81,3,卖盘
13:31:06,4.81,9,卖盘
13:31:09,4.81,27,卖盘
13:31:12,4.81,3,卖盘
13:31:15,4.81,1,卖盘
13:31:18,4.81,652,卖盘
13:31:21,4.81,92,卖盘
13:31:24,4.81,34,买盘
13:31:27,4.81,63,买盘
13:31:30,4.81,1,买盘
13:31:39,4.8,223,卖盘
13:31:45,4.81,1,买盘
13:31:51,4.8,1,卖盘
13:32:12,4.8,5,卖盘
13:32:18,4.81,1,买盘
13:32:24,4.8,2,卖盘
13:32:30,4.81,22,买盘
13:32:36,4.81,4,买盘
13:32:45,4.8,106,卖盘
13:33:03,4.81,130,买盘
13:33:12,4.81,5,买盘
13:33:15,4.8,15,卖盘
13:33:18,4.8,5,卖盘
13:33:21,4.81,212,买盘
13:33:24,4.8,254,卖盘
13:33:27,4.8,20,卖盘
13:33:30,4.81,83,买盘
13:33:33,4.8,14,卖盘
13:33:36,4.81,65,买盘
13:33:39,4.8,162,卖盘
13:33:42,4.8,339,卖盘
13:33:45,4.8,242,卖盘
13:33:48,4.8,349,卖盘
13:33:51,4.8,290,卖盘
13:33:54,4.8,1062,卖盘
13:33:57,4.8,69,卖盘
13:34:00,4.8,3,买盘
13:34:03,4.79,28,卖盘
13:34:06,4.8,107,买盘
13:34:09,4.79,464,卖盘
13:34:12,4.79,9,卖盘
13:34:15,4.79,6,卖盘
13:34:18,4.8,5,买盘
13:34:21,4.79,5,卖盘
13:34:27,4.8,9,买盘
13:34:30,4.79,4,卖盘
13:34:36,4.8,50,买盘
13:34:39,4.79,50,卖盘
13:34:45,4.79,20,卖盘
13:34:48,4.8,302,买盘
13:34:51,4.8,6,买盘
13:35:00,4.8,1,买盘
13:35:06,4.79,109,卖盘
13:35:15,4.8,80,买盘
13:35:18,4.79,870,卖盘
13:35:21,4.8,77,买盘
13:35:24,4.79,7,卖盘
13:35:27,4.79,24,卖盘
13:35:30,4.79,128,卖盘
13:35:33,4.79,78,卖盘
13:35:36,4.79,155,卖盘
13:35:39,4.79,171,卖盘
13:35:45,4.79,1,卖盘
13:35:51,4.8,1,买盘
13:36:03,4.8,5,买盘
13:36:09,4.79,1,卖盘
13:36:18,4.8,111,买盘
13:36:21,4.8,17,买盘
13:36:27,4.8,10,买盘
13:36:36,4.8,18,买盘
13:36:39,4.8,2,买盘
13:36:42,4.8,82,买盘
13:36:54,4.79,10,卖盘
13:37:03,4.79,14,卖盘
13:37:15,4.8,12,买盘
13:37:21,4.79,2,卖盘
13:37:27,4.79,2,卖盘
13:37:36,4.8,10,买盘
13:37:39,4.79,177,卖盘
13:37:42,4.79,5,卖盘
13:37:45,4.8,108,买盘
13:37:57,4.8,500,买盘
13:38:00,4.79,5,卖盘
13:38:03,4.79,2,卖盘
13:38:09,4.79,1,卖盘
13:38:18,4.79,271,卖盘
13:38:21,4.79,18,卖盘
13:38:24,4.79,3,卖盘
13:38:27,4.79,10,卖盘
13:38:30,4.79,1,卖盘
13:38:33,4.79,123,卖盘
13:38:36,4.79,7,卖盘
13:38:39,4.8,108,买盘
13:38:42,4.79,4,卖盘
13:39:00,4.79,15,卖盘
13:39:03,4.79,1,卖盘
13:39:09,4.8,50,买盘
13:39:18,4.79,12,卖盘
13:39:21,4.79,14,卖盘
13:39:24,4.79,1,卖盘
13:39:27,4.79,685,卖盘
13:39:30,4.79,22,卖盘
13:39:33,4.79,28,卖盘
13:39:36,4.79,5,卖盘
13:39:39,4.79,16,卖盘
13:39:42,4.79,3,卖盘
13:39:45,4.79,20,卖盘
13:39:48,4.79,22,卖盘
13:39:51,4.79,583,卖盘
13:39:54,4.79,455,卖盘
13:39:57,4.79,128,卖盘
13:40:00,4.79,40,卖盘
13:40:03,4.79,11,卖盘
13:40:06,4.79,61,卖盘
13:40:09,4.79,15,卖盘
13:40:12,4.78,274,卖盘
13:40:15,4.78,9,卖盘
13:40:18,4.79,15,买盘
13:40:21,4.78,4,卖盘
13:40:24,4.78,3,卖盘
13:40:27,4.78,20,卖盘
13:40:30,4.78,17,卖盘
13:40:33,4.78,34,卖盘
13:40:42,4.78,110,卖盘
13:40:45,4.79,1090,买盘
13:40:48,4.78,72,卖盘
13:40:54,4.78,4,卖盘
13:40:57,4.79,10,买盘
13:41:00,4.78,95,卖盘
13:41:03,4.78,52,卖盘
13:41:24,4.79,6,买盘
13:41:39,4.78,6,卖盘
13:41:45,4.78,4,卖盘
13:41:48,4.78,8,卖盘
13:41:51,4.78,1,卖盘
13:41:57,4.79,2,买盘
13:42:12,4.79,15,买盘
13:42:15,4.79,24,买盘
13:42:18,4.79,5,买盘
13:42:21,4.79,2,买盘
13:42:27,4.78,24,卖盘
13:42:30,4.78,13,卖盘
13:42:33,4.78,94,卖盘
13:42:36,4.79,60,买盘
13:42:39,4.78,91,卖盘
13:42:42,4.78,10,卖盘
13:42:45,4.79,10,买盘
13:42:48,4.78,13,卖盘
13:42:54,4.78,100,卖盘
13:42:57,4.78,2,卖盘
13:43:03,4.79,5,买盘
13:43:06,4.78,2,卖盘
13:43:15,4.78,10,卖盘
13:43:18,4.78,33,卖盘
13:43:21,4.78,18,卖盘
13:43:24,4.79,326,买盘
13:43:27,4.79,51,买盘
13:43:30,4.78,22,卖盘
13:43:33,4.78,28,卖盘
13:43:36,4.78,80,卖盘
13:43:39,4.78,703,卖盘
13:43:42,4.77,136,卖盘
13:43:45,4.78,15,买盘
13:43:48,4.78,643,买盘
13:43:51,4.78,692,买盘
13:43:57,4.78,18,买盘
13:44:00,4.77,116,卖盘
13:44:03,4.76,463,卖盘
13:44:06,4.77,58,卖盘
13:44:12,4.76,1129,卖盘
13:44:15,4.75,306,卖盘
13:44:21,4.76,4,卖盘
13:44:24,4.76,50,卖盘
13:44:27,4.76,8,卖盘
13:44:33,4.76,5,卖盘
13:44:36,4.76,10,卖盘
13:44:45,4.77,8,买盘
13:44:48,4.77,90,买盘
13:44:51,4.77,6,卖盘
13:45:00,4.77,2,卖盘
13:45:03,4.77,1,卖盘
13:45:06,4.77,69,卖盘
13:45:09,4.77,3,卖盘
13:45:15,4.77,2,卖盘
13:45:18,4.78,62,买盘
13:45:21,4.78,84,买盘
13:45:24,4.78,13,买盘
13:45:27,4.77,1,卖盘
13:45:30,4.77,9,卖盘
13:45:33,4.77,1,卖盘
13:45:39,4.78,216,买盘
13:45:42,4.78,126,卖盘
13:45:45,4.78,41,买盘
13:45:48,4.78,34,买盘
13:45:51,4.77,11,卖盘
13:45:54,4.78,3,买盘
13:45:57,4.78,8,卖盘
13:46:00,4.78,14,卖盘
13:46:03,4.78,6,卖盘
13:46:06,4.78,20,买盘
13:46:12,4.77,2,卖盘
13:46:18,4.78,3,买盘
13:46:21,4.77,10,卖盘
13:46:33,4.78,62,买盘
13:46:36,4.78,50,买盘
13:46:48,4.78,209,买盘
13:46:57,4.78,38,买盘
13:47:03,4.78,80,买盘
13:47:06,4.78,347,买盘
13:47:12,4.77,5,卖盘
13:47:15,4.79,924,买盘
13:47:18,4.78,350,买盘
13:47:21,4.78,139,卖盘
13:47:27,4.79,2,买盘
13:47:30,4.78,83,卖盘
13:47:33,4.79,5,买盘
13:47:45,4.79,17,买盘
13:47:48,4.79,29,买盘
13:47:51,4.79,249,买盘
13:47:54,4.79,33,买盘
13:47:57,4.79,12,买盘
13:48:03,4.79,40,买盘
13:48:06,4.78,243,卖盘
13:48:09,4.79,1,买盘
13:48:15,4.8,1,买盘
13:48:18,4.8,10,买盘
13:48:21,4.8,5,买盘
13:48:24,4.8,70,买盘
13:48:27,4.8,27,买盘
13:48:33,4.8,49,买盘
13:48:39,4.8,159,买盘
13:48:48,4.8,3,卖盘
13:48:54,4.81,10,买盘
13:48:57,4.81,61,买盘
13:49:00,4.81,2,买盘
13:49:03,4.81,2,买盘
13:49:06,4.81,268,买盘
13:49:09,4.81,48,卖盘
13:49:15,4.81,289,买盘
13:49:18,4.81,30,买盘
13:49:21,4.81,23,买盘
13:49:27,4.81,67,买盘
13:49:30,4.81,89,买盘
13:49:33,4.81,5,买盘
13:49:36,4.81,320,买盘
13:49:39,4.81,19,买盘
13:49:42,4.81,8,买盘
13:49:45,4.81,7,买盘
13:49:48,4.81,2,买盘
13:49:51,4.81,1,买盘
13:50:00,4.81,1,买盘
13:50:12,4.81,2,买盘
13:50:18,4.8,528,卖盘
13:50:21,4.79,52,卖盘
13:50:27,4.79,1,卖盘
13:50:30,4.79,1,卖盘
13:50:36,4.8,190,买盘
13:50:45,4.8,25,买盘
13:50:51,4.8,44,买盘
13:50:54,4.8,15,买盘
13:50:57,4.8,35,买盘
13:51:00,4.8,33,买盘
13:51:03,4.8,29,买盘
13:51:06,4.79,1,卖盘
13:51:09,4.79,36,卖盘
13:51:27,4.79,2,卖盘
13:51:30,4.8,50,买盘
13:51:33,4.79,1,卖盘
13:51:36,4.79,22,卖盘
13:51:39,4.79,16,卖盘
13:51:42,4.79,199,卖盘
13:51:45,4.8,34,买盘
13:51:48,4.79,5,卖盘
13:51:51,4.79,16,卖盘
13:51:54,4.8,15,买盘
13:52:00,4.79,4,卖盘
13:52:03,4.79,5,卖盘
13:52:18,4.79,1,卖盘
13:52:21,4.8,4,买盘
13:52:33,4.79,1,卖盘
13:52:39,4.79,2,卖盘
13:52:42,4.79,130,卖盘
13:52:45,4.79,30,买盘
13:53:03,4.79,32,买盘
13:53:12,4.78,22,卖盘
13:53:15,4.78,76,卖盘
13:53:18,4.78,70,卖盘
13:53:21,4.78,11,卖盘
13:53:30,4.78,13,卖盘
13:53:54,4.79,1,买盘
13:54:03,4.79,166,买盘
13:54:06,4.79,119,买盘
13:54:12,4.79,369,买盘
13:54:15,4.79,123,买盘
13:54:18,4.79,147,买盘
13:54:21,4.79,6,买盘
13:54:24,4.79,55,买盘
13:54:27,4.79,38,买盘
13:54:30,4.78,123,卖盘
13:54:42,4.79,3,买盘
13:54:45,4.79,10,卖盘
13:54:48,4.79,1,卖盘
13:54:51,4.79,19,卖盘
13:54:54,4.79,1,卖盘
13:54:57,4.79,3,卖盘
13:55:00,4.79,5,卖盘
13:55:03,4.79,2,卖盘
13:55:06,4.8,1,买盘
13:55:09,4.8,100,买盘
13:55:12,4.8,19,买盘
13:55:24,4.8,20,买盘
13:55:27,4.8,6,买盘
13:55:36,4.8,23,买盘
13:55:39,4.79,10,卖盘
13:55:42,4.8,5,买盘
13:55:45,4.79,5,卖盘
13:55:48,4.8,47,买盘
13:55:51,4.8,40,买盘
13:55:57,4.8,10,买盘
13:56:00,4.8,3,买盘
13:56:06,4.79,20,卖盘
13:56:09,4.79,40,卖盘
13:56:12,4.79,63,卖盘
13:56:15,4.79,123,卖盘
13:56:18,4.79,17,卖盘
13:56:21,4.79,57,卖盘
13:56:24,4.79,8,卖盘
13:56:27,4.79,14,卖盘
13:56:30,4.79,12,卖盘
13:56:33,4.79,12,卖盘
13:56:39,4.79,12,卖盘
13:56:42,4.79,8,卖盘
13:56:54,4.8,5,买盘
13:56:57,4.8,7,买盘
13:57:00,4.8,10,买盘
13:57:03,4.8,25,买盘
13:57:09,4.8,41,买盘
13:57:18,4.8,20,买盘
13:57:24,4.8,5,买盘
13:57:30,4.8,10,买盘
13:57:36,4.8,6,买盘
13:57:39,4.8,13,买盘
13:57:42,4.79,20,卖盘
13:57:45,4.79,31,卖盘
13:57:48,4.79,3,卖盘
13:57:51,4.8,95,买盘
13:58:06,4.8,50,买盘
13:58:09,4.8,30,买盘
13:58:15,4.8,21,买盘
13:58:27,4.79,1,卖盘
13:58:30,4.8,5,买盘
13:58:36,4.79,190,卖盘
13:58:39,4.8,26,买盘
13:58:42,4.8,2,买盘
13:58:48,4.79,32,卖盘
13:58:54,4.79,3,卖盘
13:58:57,4.79,209,卖盘
13:59:03,4.79,1,卖盘
13:59:21,4.8,2,买盘
13:59:24,4.79,95,卖盘
13:59:27,4.8,30,买盘
13:59:30,4.8,203,买盘
13:59:33,4.79,10,卖盘
13:59:36,4.79,103,卖盘
13:59:39,4.8,34,买盘
13:59:42,4.8,2,买盘
13:59:45,4.79,4,卖盘
13:59:54,4.8,6,买盘
14:00:00,4.8,220,买盘
14:00:03,4.8,24,买盘
14:00:06,4.8,18,卖盘
14:00:12,4.8,22,卖盘
14:00:15,4.8,39,买盘
14:00:21,4.8,22,买盘
14:00:24,4.79,63,卖盘
14:00:27,4.8,4,买盘
14:00:30,4.8,20,买盘
14:00:33,4.79,51,卖盘
14:00:45,4.79,38,卖盘
14:00:48,4.79,26,卖盘
14:00:51,4.8,57,买盘
14:00:57,4.8,10,买盘
14:01:00,4.8,19,买盘
14:01:03,4.79,8,卖盘
14:01:06,4.79,2,卖盘
14:01:09,4.79,1,卖盘
14:01:12,4.8,8,买盘
14:01:15,4.79,135,卖盘
14:01:18,4.79,24,卖盘
14:01:21,4.79,467,卖盘
14:01:24,4.79,358,卖盘
14:01:36,4.78,74,卖盘
14:01:42,4.79,252,买盘
14:01:48,4.79,30,买盘
14:02:21,4.79,6,买盘
14:02:24,4.79,54,买盘
14:02:30,4.78,5,卖盘
14:03:00,4.78,23,卖盘
14:03:12,4.78,13,卖盘
14:03:18,4.78,7,卖盘
14:03:24,4.79,9,买盘
14:03:33,4.79,50,买盘
14:03:36,4.79,20,买盘
14:03:39,4.79,5,买盘
14:03:48,4.79,22,买盘
14:03:51,4.78,4,卖盘
14:03:54,4.78,125,卖盘
14:03:57,4.78,30,卖盘
14:04:00,4.78,1,卖盘
14:04:03,4.78,3,卖盘
14:04:06,4.78,85,卖盘
14:04:09,4.78,249,卖盘
14:04:12,4.78,1,卖盘
14:04:15,4.78,7,卖盘
14:04:18,4.78,100,卖盘
14:04:21,4.78,201,卖盘
14:04:24,4.78,68,卖盘
14:04:30,4.79,10,买盘
14:04:33,4.79,5,买盘
14:04:36,4.79,17,买盘
14:04:39,4.79,5,买盘
14:04:42,4.78,234,卖盘
14:04:45,4.79,2,买盘
14:04:57,4.79,28,买盘
14:05:00,4.79,44,买盘
14:05:03,4.79,10,买盘
14:05:12,4.78,2,卖盘
14:05:18,4.78,5,卖盘
14:05:21,4.78,1,卖盘
14:05:30,4.78,2,卖盘
14:05:36,4.78,3,卖盘
14:05:48,4.79,3,买盘
14:05:51,4.79,2,买盘
14:06:00,4.79,44,买盘
14:06:09,4.79,396,买盘
14:06:15,4.79,167,买盘
14:06:18,4.79,9,买盘
14:06:21,4.79,77,买盘
14:06:24,4.78,190,卖盘
14:06:27,4.79,82,买盘
14:06:30,4.79,1,买盘
14:06:42,4.79,10,买盘
14:06:45,4.79,505,买盘
14:06:48,4.79,12,买盘
14:06:51,4.79,11,买盘
14:07:00,4.79,1,买盘
14:07:03,4.79,5,买盘
14:07:06,4.79,4,买盘
14:07:15,4.79,48,买盘
14:07:18,4.79,2,买盘
14:07:24,4.79,15,买盘
14:07:27,4.79,73,买盘
14:07:30,4.79,1,买盘
14:07:39,4.79,20,买盘
14:07:42,4.79,2,买盘
14:07:45,4.79,15,买盘
14:07:54,4.78,1,卖盘
14:07:57,4.79,20,买盘
14:08:00,4.79,11,买盘
14:08:09,4.78,1,卖盘
14:08:12,4.79,19,买盘
14:08:15,4.78,2,卖盘
14:08:24,4.79,7,买盘
14:08:30,4.79,1,买盘
14:08:33,4.78,22,卖盘
14:08:36,4.79,41,买盘
14:08:39,4.79,29,买盘
14:08:45,4.79,25,买盘
14:08:51,4.79,406,买盘
14:08:54,4.78,425,卖盘
14:08:57,4.79,25,买盘
14:09:00,4.79,260,买盘
14:09:09,4.79,11,卖盘
14:09:12,4.8,38,买盘
14:09:15,4.8,10,买盘
14:09:30,4.8,1,买盘
14:09:33,4.79,4,卖盘
14:09:36,4.79,9,卖盘
14:09:39,4.79,17,卖盘
14:09:42,4.79,19,卖盘
14:09:45,4.79,1,卖盘
14:09:48,4.8,4,买盘
14:09:54,4.79,695,卖盘
14:09:57,4.79,12,买盘
14:10:00,4.79,61,买盘
14:10:06,4.79,5,买盘
14:10:12,4.79,80,买盘
14:10:18,4.78,10,卖盘
14:10:21,4.79,1,买盘
14:10:30,4.79,4,买盘
14:10:39,4.79,24,买盘
14:10:42,4.79,44,买盘
14:10:45,4.79,57,买盘
14:10:54,4.79,12,买盘
14:10:57,4.79,10,买盘
14:11:00,4.79,24,买盘
14:11:06,4.79,60,买盘
14:11:09,4.79,22,买盘
14:11:27,4.79,33,买盘
14:11:30,4.79,270,买盘
14:11:33,4.79,101,买盘
14:11:36,4.79,144,买盘
14:11:45,4.79,20,买盘
14:11:57,4.79,97,买盘
14:12:00,4.79,1,买盘
14:12:06,4.79,74,买盘
14:12:09,4.79,5,买盘
14:12:15,4.79,4,买盘
14:12:24,4.79,72,买盘
14:12:27,4.79,1,买盘
14:12:30,4.79,1,买盘
14:12:33,4.79,20,买盘
14:12:39,4.79,5,买盘
14:12:54,4.79,98,买盘
14:12:57,4.79,1,买盘
14:13:00,4.79,11,买盘
14:13:03,4.79,1,买盘
14:13:06,4.79,60,买盘
14:13:09,4.79,674,买盘
14:13:12,4.79,12,卖盘
14:13:30,4.8,2,买盘
14:13:36,4.8,7,买盘
14:13:39,4.79,8,卖盘
14:13:45,4.8,2,买盘
14:13:48,4.8,16,买盘
14:13:51,4.79,17,卖盘
14:13:57,4.79,7,卖盘
14:14:00,4.8,1,买盘
14:14:03,4.8,23,买盘
14:14:06,4.8,70,买盘
14:14:09,4.8,98,买盘
14:14:12,4.8,188,买盘
14:14:15,4.8,255,买盘
14:14:18,4.8,33,买盘
14:14:21,4.8,9,买盘
14:14:24,4.79,2,卖盘
14:14:27,4.79,4,卖盘
14:14:30,4.8,26,买盘
14:14:33,4.8,34,买盘
14:14:36,4.8,7,买盘
14:14:39,4.8,22,买盘
14:14:42,4.79,8,卖盘
14:14:45,4.8,131,买盘
14:14:54,4.8,8,买盘
14:15:00,4.8,1,买盘
14:15:03,4.8,8,买盘
14:15:06,4.8,2,买盘
14:15:12,4.8,334,买盘
14:15:15,4.8,46,买盘
14:15:18,4.79,1,卖盘
14:15:21,4.8,12,买盘
14:15:24,4.8,42,买盘
14:15:27,4.8,247,买盘
14:15:30,4.8,36,买盘
14:15:33,4.8,84,卖盘
14:15:36,4.8,34,卖盘
14:15:42,4.8,12,买盘
14:15:45,4.8,1,买盘
14:15:48,4.8,243,买盘
14:15:57,4.8,104,买盘
14:16:00,4.8,15,买盘
14:16:03,4.8,55,买盘
14:16:06,4.8,6,买盘
14:16:12,4.79,468,卖盘
14:16:15,4.79,1,卖盘
14:16:18,4.8,100,买盘
14:16:30,4.8,4,买盘
14:16:33,4.8,20,买盘
14:16:36,4.79,3,卖盘
14:16:39,4.79,15,卖盘
14:16:42,4.79,32,卖盘
14:16:45,4.8,40,买盘
14:16:51,4.8,202,买盘
14:17:00,4.8,125,买盘
14:17:03,4.8,10,买盘
14:17:06,4.8,10,买盘
14:17:15,4.8,12,买盘
14:17:18,4.8,34,买盘
14:17:27,4.79,14,卖盘
14:17:30,4.8,1,买盘
14:17:33,4.8,10,买盘
14:17:36,4.8,14,买盘
14:17:42,4.8,64,买盘
14:17:45,4.8,13,买盘
14:17:51,4.79,103,卖盘
14:18:00,4.8,38,买盘
14:18:09,4.8,13,买盘
14:18:12,4.8,14,买盘
14:18:15,4.8,12,买盘
14:18:18,4.79,580,卖盘
14:18:21,4.79,458,卖盘
14:18:24,4.79,168,卖盘
14:18:27,4.79,54,卖盘
14:18:30,4.79,777,买盘
14:18:33,4.79,40,买盘
14:18:42,4.78,4,卖盘
14:19:00,4.79,1,买盘
14:19:06,4.79,69,买盘
14:19:24,4.79,2,买盘
14:19:30,4.79,201,买盘
14:19:33,4.78,4,卖盘
14:19:39,4.78,3,卖盘
14:19:42,4.79,10,买盘
14:19:45,4.79,10,买盘
14:19:48,4.79,15,买盘
14:20:00,4.79,11,买盘
14:20:09,4.78,2,卖盘
14:20:24,4.78,1090,卖盘
14:20:27,4.78,75,卖盘
14:20:30,4.79,29,买盘
14:20:36,4.79,17,买盘
14:20:45,4.79,68,买盘
14:20:51,4.79,2,买盘
14:20:54,4.79,50,买盘
14:20:57,4.79,2,买盘
14:21:00,4.79,1,买盘
14:21:12,4.79,328,买盘
14:21:24,4.79,4,买盘
14:21:30,4.79,2,买盘
14:21:36,4.79,32,买盘
14:21:51,4.79,68,买盘
14:21:57,4.79,20,买盘
14:22:00,4.79,7,买盘
14:22:03,4.79,317,买盘
14:22:06,4.79,42,买盘
14:22:09,4.79,340,买盘
14:22:12,4.79,45,买盘
14:22:18,4.79,60,买盘
14:22:24,4.79,57,买盘
14:22:27,4.79,3,买盘
14:22:30,4.79,1,买盘
14:22:33,4.79,20,买盘
14:22:39,4.79,121,买盘
14:22:51,4.8,8,买盘
14:22:54,4.8,15,买盘
14:22:57,4.8,14,买盘
14:23:00,4.8,64,买盘
14:23:03,4.8,22,买盘
14:23:06,4.8,50,买盘
14:23:09,4.8,10,买盘
14:23:18,4.8,3,买盘
14:23:21,4.79,4,卖盘
14:23:30,4.8,26,买盘
14:23:48,4.8,4,买盘
14:23:51,4.8,5,买盘
14:23:54,4.79,1,卖盘
14:24:00,4.8,7,买盘
14:24:03,4.8,12,买盘
14:24:06,4.79,327,卖盘
14:24:09,4.79,10,卖盘
14:24:12,4.8,9,买盘
14:24:15,4.8,16,买盘
14:24:18,4.8,200,买盘
14:24:21,4.8,153,买盘
14:24:24,4.8,303,买盘
14:24:27,4.8,119,卖盘
14:24:30,4.8,106,买盘
14:24:33,4.8,25,买盘
14:24:36,4.8,42,买盘
14:24:39,4.8,10,买盘
14:24:45,4.8,94,买盘
14:24:48,4.8,28,卖盘
14:24:51,4.8,20,买盘
14:24:54,4.8,10,买盘
14:24:57,4.8,40,买盘
14:25:00,4.8,2,买盘
14:25:06,4.8,50,买盘
14:25:12,4.8,3,买盘
14:25:15,4.8,2,买盘
14:25:18,4.8,13,买盘
14:25:21,4.8,24,买盘
14:25:27,4.79,7,卖盘
14:25:30,4.8,246,买盘
14:25:33,4.8,5,买盘
14:25:42,4.8,4,买盘
14:25:45,4.8,19,买盘
14:25:48,4.8,10,买盘
14:25:51,4.8,36,买盘
14:25:54,4.8,9,买盘
14:25:57,4.79,15,卖盘
14:26:00,4.8,16,买盘
14:26:06,4.8,3,买盘
14:26:09,4.8,47,买盘
14:26:24,4.8,16,买盘
14:26:27,4.8,21,买盘
14:26:30,4.8,6,买盘
14:26:42,4.8,6,买盘
14:26:45,4.8,60,买盘
14:26:48,4.8,5,买盘
14:26:51,4.8,31,买盘
14:26:54,4.8,34,买盘
14:27:00,4.8,1,买盘
14:27:03,4.8,5,买盘
14:27:06,4.8,73,买盘
14:27:09,4.8,50,买盘
14:27:12,4.8,116,卖盘
14:27:15,4.79,1,卖盘
14:27:21,4.79,67,卖盘
14:27:24,4.8,3,买盘
14:27:30,4.8,2,买盘
14:27:33,4.8,29,买盘
14:27:36,4.8,21,买盘
14:27:39,4.8,8,买盘
14:27:42,4.8,33,卖盘
14:27:45,4.8,24,卖盘
14:27:48,4.8,35,卖盘
14:27:51,4.8,16,卖盘
14:27:54,4.8,4,卖盘
14:27:57,4.8,18,卖盘
14:28:00,4.81,2,买盘
14:28:09,4.81,36,买盘
14:28:15,4.8,184,卖盘
14:28:18,4.81,10,买盘
14:28:30,4.81,6,买盘
14:28:33,4.81,28,买盘
14:28:36,4.81,5,买盘
14:28:42,4.81,3,买盘
14:28:45,4.81,10,买盘
14:28:51,4.81,66,买盘
14:28:54,4.81,11,买盘
14:29:00,4.81,2,买盘
14:29:03,4.8,37,卖盘
14:29:09,4.81,10,买盘
14:29:15,4.81,10,买盘
14:29:21,4.8,12,卖盘
14:29:27,4.8,451,卖盘
14:29:30,4.81,6,买盘
14:29:33,4.8,2,卖盘
14:29:39,4.8,832,卖盘
14:29:42,4.8,116,卖盘
14:29:45,4.8,20,卖盘
14:29:48,4.8,7,卖盘
14:30:03,4.8,19,卖盘
14:30:06,4.8,1,卖盘
14:30:15,4.8,6,卖盘
14:30:18,4.81,8,买盘
14:30:21,4.8,17,卖盘
14:30:24,4.81,21,买盘
14:30:27,4.8,16,卖盘
14:30:30,4.8,157,卖盘
14:30:33,4.8,268,卖盘
14:30:36,4.8,207,卖盘
14:30:39,4.8,128,卖盘
14:30:42,4.8,3,卖盘
14:30:45,4.81,143,买盘
14:30:48,4.8,176,卖盘
14:30:51,4.81,23,买盘
14:30:54,4.81,15,买盘
14:31:00,4.8,47,卖盘
14:31:03,4.8,8,卖盘
14:31:06,4.8,3,卖盘
14:31:09,4.8,3,卖盘
14:31:12,4.81,65,买盘
14:31:21,4.8,28,卖盘
14:31:24,4.8,35,卖盘
14:31:27,4.8,135,卖盘
14:31:30,4.8,59,卖盘
14:31:42,4.8,24,卖盘
14:31:45,4.8,8,卖盘
14:31:51,4.8,20,卖盘
14:31:54,4.81,17,买盘
14:31:57,4.81,33,买盘
14:32:00,4.8,11,卖盘
14:32:15,4.8,1,卖盘
14:32:18,4.8,2,卖盘
14:32:21,4.81,11,买盘
14:32:33,4.81,5,买盘
14:32:36,4.8,38,卖盘
14:32:39,4.8,12,卖盘
14:32:45,4.8,13,卖盘
14:32:48,4.8,85,卖盘
14:32:57,4.81,1,买盘
14:33:00,4.8,20,卖盘
14:33:03,4.81,36,买盘
14:33:06,4.81,58,买盘
14:33:09,4.81,66,买盘
14:33:12,4.8,8,卖盘
14:33:15,4.8,2,卖盘
14:33:18,4.8,125,卖盘
14:33:21,4.8,164,卖盘
14:33:24,4.8,164,卖盘
14:33:27,4.8,26,卖盘
14:33:30,4.8,177,卖盘
14:33:36,4.8,267,卖盘
14:33:42,4.8,157,卖盘
14:33:45,4.8,61,卖盘
14:33:48,4.8,46,卖盘
14:33:51,4.8,306,卖盘
14:33:54,4.8,693,卖盘
14:33:57,4.79,55,卖盘
14:34:00,4.79,49,卖盘
14:34:03,4.79,1,卖盘
14:34:15,4.8,91,买盘
14:34:18,4.79,17,卖盘
14:34:21,4.79,37,卖盘
14:34:24,4.79,47,卖盘
14:34:27,4.79,3,卖盘
14:34:30,4.8,17,买盘
14:34:33,4.79,114,卖盘
14:34:36,4.79,161,卖盘
14:34:39,4.79,80,卖盘
14:34:42,4.79,85,卖盘
14:34:45,4.8,7,买盘
14:34:48,4.8,211,买盘
14:34:54,4.8,24,买盘
14:35:00,4.8,209,买盘
14:35:06,4.79,7,卖盘
14:35:12,4.8,25,买盘
14:35:18,4.8,3,买盘
14:35:21,4.8,85,买盘
14:35:24,4.8,18,买盘
14:35:30,4.8,11,买盘
14:35:36,4.8,41,买盘
14:35:39,4.8,4,买盘
14:35:42,4.8,10,买盘
14:35:48,4.8,10,买盘
14:35:54,4.8,15,买盘
14:35:57,4.8,41,买盘
14:36:00,4.79,60,卖盘
14:36:03,4.8,57,买盘
14:36:06,4.79,20,卖盘
14:36:09,4.8,2,买盘
14:36:12,4.79,164,卖盘
14:36:15,4.8,11,买盘
14:36:21,4.8,5,买盘
14:36:27,4.79,337,卖盘
14:36:30,4.79,57,卖盘
14:36:33,4.79,75,卖盘
14:36:36,4.79,23,卖盘
14:36:39,4.79,2,卖盘
14:36:42,4.79,51,卖盘
14:36:45,4.8,30,买盘
14:36:51,4.79,4,卖盘
14:36:57,4.8,1,买盘
14:37:00,4.79,64,卖盘
14:37:03,4.79,28,卖盘
14:37:06,4.79,13,卖盘
14:37:12,4.79,65,卖盘
14:37:15,4.79,47,卖盘
14:37:18,4.8,11,买盘
14:37:21,4.8,9,买盘
14:37:24,4.79,60,卖盘
14:37:27,4.8,16,买盘
14:37:33,4.79,1,卖盘
14:37:36,4.8,186,买盘
14:37:39,4.8,41,买盘
14:37:45,4.79,1,卖盘
14:37:51,4.79,16,卖盘
14:37:54,4.79,355,卖盘
14:37:57,4.8,66,买盘
14:38:00,4.79,98,卖盘
14:38:03,4.79,3,卖盘
14:38:06,4.8,41,买盘
14:38:09,4.79,30,卖盘
14:38:12,4.8,11,买盘
14:38:15,4.79,3,卖盘
14:38:18,4.79,95,卖盘
14:38:21,4.8,21,买盘
14:38:24,4.79,77,卖盘
14:38:27,4.79,2,卖盘
14:38:30,4.8,14,买盘
14:38:33,4.79,103,卖盘
14:38:36,4.79,32,卖盘
14:38:39,4.79,29,卖盘
14:38:42,4.79,19,卖盘
14:38:45,4.79,2,卖盘
14:38:48,4.79,6,卖盘
14:38:51,4.79,15,卖盘
14:38:54,4.79,44,卖盘
14:38:57,4.79,97,卖盘
14:39:00,4.79,25,卖盘
14:39:03,4.79,155,卖盘
14:39:06,4.79,50,卖盘
14:39:09,4.79,532,卖盘
14:39:12,4.8,7,买盘
14:39:15,4.79,50,卖盘
14:39:18,4.8,10,买盘
14:39:21,4.79,545,卖盘
14:39:27,4.79,1,卖盘
14:39:33,4.8,637,买盘
14:39:36,4.79,545,卖盘
14:39:39,4.79,139,卖盘
14:39:42,4.79,72,卖盘
14:39:45,4.78,319,卖盘
14:39:48,4.78,10,卖盘
14:39:51,4.79,45,买盘
14:39:54,4.78,9,卖盘
14:39:57,4.79,67,买盘
14:40:00,4.79,170,买盘
14:40:03,4.79,20,买盘
14:40:06,4.78,2,卖盘
14:40:09,4.78,114,卖盘
14:40:12,4.78,6,卖盘
14:40:15,4.78,108,卖盘
14:40:18,4.78,11,卖盘
14:40:21,4.78,11,卖盘
14:40:24,4.78,73,卖盘
14:40:27,4.79,42,买盘
14:40:30,4.79,48,买盘
14:40:36,4.79,12,买盘
14:40:39,4.78,19,卖盘
14:40:51,4.79,100,买盘
14:40:57,4.79,22,买盘
14:41:09,4.79,10,买盘
14:41:12,4.79,3,买盘
14:41:18,4.79,45,买盘
14:41:21,4.79,110,买盘
14:41:24,4.78,4,卖盘
14:41:30,4.79,2,买盘
14:41:33,4.79,53,买盘
14:41:36,4.78,2,卖盘
14:41:39,4.79,50,买盘
14:41:42,4.78,246,卖盘
14:41:48,4.78,191,卖盘
14:41:54,4.78,101,卖盘
14:41:57,4.78,24,卖盘
14:42:00,4.78,43,卖盘
14:42:03,4.78,236,卖盘
14:42:06,4.78,2,卖盘
14:42:09,4.78,8,卖盘
14:42:12,4.78,78,卖盘
14:42:15,4.78,16,卖盘
14:42:18,4.78,15,卖盘
14:42:21,4.78,5,卖盘
14:42:27,4.78,257,卖盘
14:42:30,4.78,9,卖盘
14:42:33,4.79,2,买盘
14:42:36,4.79,5,买盘
14:42:39,4.78,2,卖盘
14:42:42,4.78,40,卖盘
14:42:45,4.78,28,卖盘
14:42:51,4.79,528,买盘
14:42:54,4.78,10,卖盘
14:42:57,4.79,1571,买盘
14:43:00,4.79,28,卖盘
14:43:03,4.79,114,卖盘
14:43:06,4.79,91,卖盘
14:43:09,4.79,58,卖盘
14:43:12,4.79,2,卖盘
14:43:15,4.79,37,卖盘
14:43:18,4.79,2,卖盘
14:43:21,4.79,31,卖盘
14:43:24,4.79,10,卖盘
14:43:27,4.79,11,卖盘
14:43:36,4.79,1,卖盘
14:43:39,4.8,6,买盘
14:43:42,4.8,11,买盘
14:43:45,4.8,17,买盘
14:43:48,4.8,25,买盘
14:43:54,4.8,11,买盘
14:43:57,4.8,25,买盘
14:44:03,4.8,112,买盘
14:44:09,4.8,39,买盘
14:44:12,4.8,117,买盘
14:44:15,4.8,113,买盘
14:44:18,4.8,35,买盘
14:44:21,4.8,11,买盘
14:44:27,4.8,413,买盘
14:44:30,4.8,117,买盘
14:44:33,4.8,55,买盘
14:44:36,4.8,48,买盘
14:44:39,4.8,43,买盘
14:44:42,4.8,168,买盘
14:44:48,4.8,42,卖盘
14:44:51,4.81,43,买盘
14:45:00,4.8,58,卖盘
14:45:09,4.8,77,卖盘
14:45:12,4.8,12,卖盘
14:45:18,4.8,114,卖盘
14:45:27,4.8,480,卖盘
14:45:30,4.8,65,卖盘
14:45:33,4.8,54,买盘
14:45:39,4.8,49,买盘
14:45:42,4.8,5,买盘
14:45:45,4.8,38,买盘
14:45:48,4.8,25,买盘
14:46:00,4.8,15,买盘
14:46:03,4.8,3,买盘
14:46:06,4.8,84,买盘
14:46:18,4.8,12,卖盘
14:46:21,4.8,11,卖盘
14:46:24,4.8,15,卖盘
14:46:27,4.8,33,卖盘
14:46:30,4.8,14,卖盘
14:46:33,4.8,4,卖盘
14:46:36,4.8,8,卖盘
14:46:42,4.8,41,卖盘
14:46:45,4.81,30,买盘
14:46:48,4.8,4,卖盘
14:46:51,4.81,104,买盘
14:46:54,4.81,31,买盘
14:47:00,4.8,156,卖盘
14:47:03,4.81,1,买盘
14:47:06,4.81,12,买盘
14:47:09,4.8,5,卖盘
14:47:12,4.8,116,卖盘
14:47:15,4.8,4,卖盘
14:47:21,4.81,77,买盘
14:47:24,4.8,96,卖盘
14:47:30,4.8,84,卖盘
14:47:33,4.81,51,买盘
14:47:36,4.81,10,买盘
14:47:39,4.81,13,买盘
14:47:42,4.81,135,买盘
14:47:45,4.8,5,卖盘
14:47:48,4.81,330,买盘
14:47:51,4.81,38,卖盘
14:47:54,4.82,5,买盘
14:47:57,4.81,24,卖盘
14:48:00,4.82,5,买盘
14:48:03,4.81,38,卖盘
14:48:06,4.81,12,卖盘
14:48:09,4.81,65,卖盘
14:48:12,4.81,36,卖盘
14:48:18,4.81,16,卖盘
14:48:21,4.82,128,买盘
14:48:24,4.81,24,卖盘
14:48:27,4.81,172,卖盘
14:48:30,4.81,15,卖盘
14:48:33,4.82,80,买盘
14:48:36,4.81,1,卖盘
14:48:39,4.82,127,买盘
14:48:45,4.81,43,卖盘
14:48:48,4.82,9,买盘
14:48:51,4.82,55,买盘
14:48:57,4.82,67,买盘
14:49:00,4.82,100,买盘
14:49:03,4.82,182,买盘
14:49:06,4.82,7,买盘
14:49:12,4.82,1,买盘
14:49:18,4.82,135,买盘
14:49:21,4.82,15,买盘
14:49:24,4.81,31,卖盘
14:49:27,4.82,70,买盘
14:49:30,4.81,4,卖盘
14:49:33,4.81,1,卖盘
14:49:36,4.81,46,卖盘
14:49:39,4.82,178,买盘
14:49:42,4.81,45,卖盘
14:49:45,4.82,55,买盘
14:49:51,4.82,167,买盘
14:49:57,4.81,200,卖盘
14:50:00,4.82,95,买盘
14:50:03,4.82,1,买盘
14:50:06,4.82,10,买盘
14:50:12,4.81,34,卖盘
14:50:15,4.82,18,买盘
14:50:18,4.81,3,卖盘
14:50:24,4.81,6,卖盘
14:50:27,4.82,107,买盘
14:50:30,4.82,21,买盘
14:50:36,4.82,9,买盘
14:50:39,4.82,125,买盘
14:50:45,4.82,65,买盘
14:50:48,4.82,68,买盘
14:50:51,4.82,82,买盘
14:50:54,4.82,10,买盘
14:50:57,4.82,50,买盘
14:51:00,4.82,50,买盘
14:51:03,4.82,110,买盘
14:51:06,4.81,75,卖盘
14:51:09,4.82,295,买盘
14:51:12,4.82,214,买盘
14:51:15,4.82,29,卖盘
14:51:18,4.82,13,卖盘
14:51:21,4.82,51,卖盘
14:51:24,4.82,14,卖盘
14:51:30,4.83,52,买盘
14:51:33,4.83,191,买盘
14:51:36,4.83,14,买盘
14:51:42,4.83,679,买盘
14:51:45,4.83,70,买盘
14:51:48,4.83,9,买盘
14:51:51,4.82,142,卖盘
14:51:54,4.83,62,买盘
14:51:57,4.83,6,买盘
14:52:00,4.83,84,买盘
14:52:03,4.83,29,卖盘
14:52:06,4.84,50,买盘
14:52:09,4.83,92,卖盘
14:52:12,4.84,25,买盘
14:52:15,4.83,1,卖盘
14:52:18,4.83,9,卖盘
14:52:21,4.84,560,买盘
14:52:27,4.84,18,买盘
14:52:30,4.85,70,买盘
14:52:33,4.84,30,买盘
14:52:36,4.84,3,卖盘
14:52:39,4.84,60,卖盘
14:52:42,4.85,37,买盘
14:52:45,4.85,17,买盘
14:52:51,4.84,90,卖盘
14:52:54,4.85,19,买盘
14:52:57,4.85,563,买盘
14:53:00,4.85,98,卖盘
14:53:03,4.85,99,卖盘
14:53:06,4.85,1,卖盘
14:53:09,4.85,183,卖盘
14:53:12,4.86,20,买盘
14:53:15,4.86,57,买盘
14:53:18,4.86,76,买盘
14:53:21,4.86,238,买盘
14:53:24,4.87,8,买盘
14:53:27,4.87,153,买盘
14:53:30,4.86,40,卖盘
14:53:33,4.86,170,卖盘
14:53:36,4.86,669,买盘
14:53:39,4.86,200,买盘
14:53:42,4.86,320,卖盘
14:53:45,4.86,114,买盘
14:53:48,4.86,47,买盘
14:53:51,4.85,2,卖盘
14:53:54,4.85,214,卖盘
14:53:57,4.85,76,卖盘
14:54:00,4.85,53,卖盘
14:54:03,4.85,607,卖盘
14:54:06,4.84,148,卖盘
14:54:09,4.84,155,卖盘
14:54:12,4.84,188,卖盘
14:54:15,4.84,92,卖盘
14:54:18,4.84,40,卖盘
14:54:21,4.85,6,买盘
14:54:24,4.84,26,卖盘
14:54:27,4.84,68,卖盘
14:54:30,4.84,46,卖盘
14:54:33,4.84,491,卖盘
14:54:36,4.84,187,卖盘
14:54:39,4.84,47,卖盘
14:54:42,4.84,319,卖盘
14:54:45,4.83,33,卖盘
14:54:48,4.84,1,买盘
14:54:51,4.84,10,买盘
14:54:54,4.84,34,买盘
14:54:57,4.83,20,卖盘
14:55:00,4.84,922,买盘
14:55:03,4.84,194,买盘
14:55:06,4.84,97,买盘
14:55:09,4.84,106,卖盘
14:55:12,4.84,34,卖盘
14:55:15,4.83,28,买盘
14:55:18,4.83,1,买盘
14:55:21,4.82,112,卖盘
14:55:24,4.83,12,买盘
14:55:27,4.83,27,买盘
14:55:30,4.83,151,买盘
14:55:33,4.82,17,卖盘
14:55:36,4.82,6,卖盘
14:55:45,4.82,11,卖盘
14:55:48,4.83,142,买盘
14:55:51,4.82,22,卖盘
14:55:54,4.82,20,卖盘
14:55:57,4.82,38,卖盘
14:56:00,4.82,573,卖盘
14:56:03,4.83,91,买盘
14:56:06,4.83,49,买盘
14:56:09,4.83,133,买盘
14:56:12,4.83,21,买盘
14:56:15,4.83,70,买盘
14:56:18,4.83,154,买盘
14:56:21,4.83,92,买盘
14:56:27,4.83,72,买盘
14:56:30,4.83,29,买盘
14:56:33,4.82,99,卖盘
14:56:36,4.82,50,卖盘
14:56:39,4.83,117,买盘
14:56:42,4.83,160,买盘
14:56:45,4.83,38,买盘
14:56:48,4.83,12,卖盘
14:56:54,4.83,20,卖盘
14:56:57,4.84,253,买盘
14:57:00,4.84,130,买盘
15:00:00,4.84,3340,卖盘
